区分,表番号,行番号,列番号,決算年度_開始,決算年度_終了,項目コード,項目名,元の名称,根拠,備考
pref,04,01,001,1989,2014,1010,地方税,地方税,旧DBと値が一致,
pref,04,01,001,2015,2015,1010,地方税,地方税,前後年度の同名・同位置から延長,
pref,04,01,001,2016,2017,1010,地方税,地方税,旧DBと値が一致,
pref,04,01,001,2018,2024,1010,地方税,地方税,前年度の同名・同位置から延長,
pref,04,01,002,1989,2014,1020,地方譲与税,地方譲与税,旧DBと値が一致,
pref,04,01,002,2015,2015,1020,地方譲与税,地方譲与税,前後年度の同名・同位置から延長,
pref,04,01,002,2016,2017,1020,地方譲与税,地方譲与税,旧DBと値が一致,
pref,04,01,002,2018,2024,1020,地方譲与税,地方譲与税,前年度の同名・同位置から延長,
pref,04,01,003,1989,1996,1050,地方譲与税/消費譲与税相当額,消費譲与税,旧DBと値が一致,
pref,04,01,003,1997,1997,1050,地方譲与税/消費譲与税相当額,消費譲与税相当額,旧DBと値が一致,
pref,04,01,003,1998,1998,-,（空欄）,－,様式上の空欄,
pref,04,01,003,1999,2003,1060,地方譲与税/地方道路譲与税,地方道路譲与税,旧DBと値が一致,2009年度から後継の「地方揮発油譲与税」が別にあり、本項目は経過分のみ
pref,04,01,003,2004,2006,1040,地方譲与税/所得譲与税,所得譲与税,旧DBと値が一致,
pref,04,01,003,2007,2007,-,（空欄）,－,様式上の空欄,
pref,04,01,003,2008,2008,1060,地方譲与税/地方道路譲与税,地方道路譲与税,旧DBと値が一致,2009年度から後継の「地方揮発油譲与税」が別にあり、本項目は経過分のみ
pref,04,01,003,2009,2014,1030,地方譲与税/地方揮発油譲与税,地方揮発油譲与税,旧DBと値が一致,
pref,04,01,003,2015,2015,1030,地方譲与税/地方揮発油譲与税,地方揮発油譲与税,前後年度の同名・同位置から延長,
pref,04,01,003,2016,2017,1030,地方譲与税/地方揮発油譲与税,地方揮発油譲与税,旧DBと値が一致,
pref,04,01,003,2018,2024,1030,地方譲与税/地方揮発油譲与税,地方揮発油譲与税,前年度の同名・同位置から延長,
pref,04,01,004,1989,1998,1060,地方譲与税/地方道路譲与税,地方道路譲与税,旧DBと値が一致,2009年度から後継の「地方揮発油譲与税」が別にあり、本項目は経過分のみ
pref,04,01,004,1999,2003,1070,地方譲与税/特別とん譲与税,特別とん譲与税,旧DBと値が一致,
pref,04,01,004,2004,2007,1060,地方譲与税/地方道路譲与税,地方道路譲与税,旧DBと値が一致,2009年度から後継の「地方揮発油譲与税」が別にあり、本項目は経過分のみ
pref,04,01,004,2008,2008,1070,地方譲与税/特別とん譲与税,特別とん譲与税,旧DBと値が一致,
pref,04,01,004,2009,2012,1060,地方譲与税/地方道路譲与税,地方道路譲与税,旧DBと値が一致,2009年度から後継の「地方揮発油譲与税」が別にあり、本項目は経過分のみ
pref,04,01,004,2013,2013,1060,地方譲与税/地方道路譲与税,地方道路譲与税,前後年度の同名・同位置から延長,2009年度から後継の「地方揮発油譲与税」が別にあり、本項目は経過分のみ
pref,04,01,004,2014,2014,1060,地方譲与税/地方道路譲与税,地方道路譲与税,旧DBと値が一致,2009年度から後継の「地方揮発油譲与税」が別にあり、本項目は経過分のみ
pref,04,01,004,2015,2017,1060,地方譲与税/地方道路譲与税,地方道路譲与税,前後年度の同名・同位置から延長,2009年度から後継の「地方揮発油譲与税」が別にあり、本項目は経過分のみ
pref,04,01,004,2018,2022,1060,地方譲与税/地方道路譲与税,地方道路譲与税,前年度の同名・同位置から延長,2009年度から後継の「地方揮発油譲与税」が別にあり、本項目は経過分のみ
pref,04,01,004,2023,2024,1070,地方譲与税/特別とん譲与税,特別とん譲与税,前年度の同名・同位置から延長,
pref,04,01,005,1989,1998,1070,地方譲与税/特別とん譲与税,特別とん譲与税,旧DBと値が一致,
pref,04,01,005,1999,2003,1080,地方譲与税/石油ガス譲与税,石油ガス譲与税,旧DBと値が一致,
pref,04,01,005,2004,2007,1070,地方譲与税/特別とん譲与税,特別とん譲与税,旧DBと値が一致,
pref,04,01,005,2008,2008,1080,地方譲与税/石油ガス譲与税,石油ガス譲与税,旧DBと値が一致,
pref,04,01,005,2009,2014,1070,地方譲与税/特別とん譲与税,特別とん譲与税,旧DBと値が一致,
pref,04,01,005,2015,2015,1070,地方譲与税/特別とん譲与税,特別とん譲与税,前後年度の同名・同位置から延長,
pref,04,01,005,2016,2017,1070,地方譲与税/特別とん譲与税,特別とん譲与税,旧DBと値が一致,
pref,04,01,005,2018,2022,1070,地方譲与税/特別とん譲与税,特別とん譲与税,前年度の同名・同位置から延長,
pref,04,01,005,2023,2024,1080,地方譲与税/石油ガス譲与税,石油ガス譲与税,前年度の同名・同位置から延長,
pref,04,01,006,1989,1998,1080,地方譲与税/石油ガス譲与税,石油ガス譲与税,旧DBと値が一致,
pref,04,01,006,1999,2003,1100,地方譲与税/航空機燃料譲与税,航空機燃料譲与税,旧DBと値が一致,
pref,04,01,006,2004,2007,1080,地方譲与税/石油ガス譲与税,石油ガス譲与税,旧DBと値が一致,
pref,04,01,006,2008,2008,1100,地方譲与税/航空機燃料譲与税,航空機燃料譲与税,旧DBと値が一致,
pref,04,01,006,2009,2014,1080,地方譲与税/石油ガス譲与税,石油ガス譲与税,旧DBと値が一致,
pref,04,01,006,2015,2015,1080,地方譲与税/石油ガス譲与税,石油ガス譲与税,前後年度の同名・同位置から延長,
pref,04,01,006,2016,2017,1080,地方譲与税/石油ガス譲与税,石油ガス譲与税,旧DBと値が一致,
pref,04,01,006,2018,2022,1080,地方譲与税/石油ガス譲与税,石油ガス譲与税,前年度の同名・同位置から延長,
pref,04,01,006,2023,2024,N011,地方譲与税/自動車重量譲与税,自動車重量譲与税,旧DBにない項目（親子は値の合計で検算）,
pref,04,01,007,1989,1998,1100,地方譲与税/航空機燃料譲与税,航空機燃料譲与税,旧DBと値が一致,
pref,04,01,007,1999,2003,1210,地方特例交付金,地方特例交付金,旧DBと値が一致,名称が年度により「地方特例交付金」と「地方特例交付金等」で入れ替わる。どちらも内訳の合計
pref,04,01,007,2004,2007,1100,地方譲与税/航空機燃料譲与税,航空機燃料譲与税,旧DBと値が一致,
pref,04,01,007,2008,2008,1120,市町村たばこ税都道府県交付金,市町村たばこ税都道府県交付金,旧DBと値が一致,
pref,04,01,007,2009,2014,1100,地方譲与税/航空機燃料譲与税,航空機燃料譲与税,旧DBと値が一致,
pref,04,01,007,2015,2015,1100,地方譲与税/航空機燃料譲与税,航空機燃料譲与税,前後年度の同名・同位置から延長,
pref,04,01,007,2016,2017,1100,地方譲与税/航空機燃料譲与税,航空機燃料譲与税,旧DBと値が一致,
pref,04,01,007,2018,2018,1100,地方譲与税/航空機燃料譲与税,航空機燃料譲与税,前年度の同名・同位置から延長,
pref,04,01,007,2019,2022,N011,地方譲与税/自動車重量譲与税,自動車重量譲与税,旧DBにない項目（親子は値の合計で検算）,
pref,04,01,007,2023,2024,1100,地方譲与税/航空機燃料譲与税,航空機燃料譲与税,前年度の同名・同位置から延長,
pref,04,01,008,1989,2003,1300,地方交付税,地方交付税,旧DBと値が一致,
pref,04,01,008,2004,2004,1210,地方特例交付金,地方特例交付金,旧DBと値が一致,名称が年度により「地方特例交付金」と「地方特例交付金等」で入れ替わる。どちらも内訳の合計
pref,04,01,008,2005,2007,1120,市町村たばこ税都道府県交付金,市町村たばこ税都道府県交付金,旧DBと値が一致,
pref,04,01,008,2008,2008,1210,地方特例交付金,地方特例交付金等,旧DBと値が一致,名称が年度により「地方特例交付金」と「地方特例交付金等」で入れ替わる。どちらも内訳の合計
pref,04,01,008,2009,2014,1110,地方譲与税/地方法人特別譲与税,地方法人特別譲与税,旧DBと値が一致,
pref,04,01,008,2015,2015,1110,地方譲与税/地方法人特別譲与税,地方法人特別譲与税,前後年度の同名・同位置から延長,
pref,04,01,008,2016,2017,1110,地方譲与税/地方法人特別譲与税,地方法人特別譲与税,旧DBと値が一致,
pref,04,01,008,2018,2018,1110,地方譲与税/地方法人特別譲与税,地方法人特別譲与税,前年度の同名・同位置から延長,
pref,04,01,008,2019,2022,1100,地方譲与税/航空機燃料譲与税,航空機燃料譲与税,前年度の同名・同位置から延長,
pref,04,01,008,2023,2024,N012,地方譲与税/森林環境譲与税,森林環境譲与税,旧DBにない項目（親子は値の合計で検算）,
pref,04,01,009,1989,2003,1310,地方交付税/普通交付税,普通交付税,旧DBと値が一致,
pref,04,01,009,2004,2004,1220,地方特例交付金/減税補てん特例交付金,減税補てん特例交付金,旧DBと値が一致,
pref,04,01,009,2005,2006,1210,地方特例交付金,地方特例交付金,旧DBと値が一致,名称が年度により「地方特例交付金」と「地方特例交付金等」で入れ替わる。どちらも内訳の合計
pref,04,01,009,2007,2007,1210,地方特例交付金,地方特例交付金等,旧DBと値が一致,名称が年度により「地方特例交付金」と「地方特例交付金等」で入れ替わる。どちらも内訳の合計
pref,04,01,009,2008,2008,1240,地方特例交付金/児童手当特例交付金,児童手当特例交付金,旧DBと値が一致,
pref,04,01,009,2009,2014,1120,市町村たばこ税都道府県交付金,市町村たばこ税都道府県交付金,旧DBと値が一致,
pref,04,01,009,2015,2015,1120,市町村たばこ税都道府県交付金,市町村たばこ税都道府県交付金,前後年度の同名・同位置から延長,
pref,04,01,009,2016,2017,1120,市町村たばこ税都道府県交付金,市町村たばこ税都道府県交付金,旧DBと値が一致,
pref,04,01,009,2018,2018,1120,市町村たばこ税都道府県交付金,市町村たばこ税都道府県交付金,前年度の同名・同位置から延長,
pref,04,01,009,2019,2019,1110,地方譲与税/地方法人特別譲与税,地方法人特別譲与税,前年度の同名・同位置から延長,
pref,04,01,009,2020,2022,N012,地方譲与税/森林環境譲与税,森林環境譲与税,旧DBにない項目（親子は値の合計で検算）,
pref,04,01,009,2023,2024,N019,地方譲与税/特別法人事業譲与税,特別法人事業譲与税,旧DBにない項目（親子は値の合計で検算）,
pref,04,01,010,1989,2003,1320,地方交付税/特別交付税,特別交付税,旧DBと値が一致,
pref,04,01,010,2004,2004,1290,地方特例交付金/税源移譲予定特例交付金,税源委譲予定特例交付金,旧DBと値が一致,
pref,04,01,010,2005,2006,1220,地方特例交付金/減税補てん特例交付金,減税補てん特例交付金,旧DBと値が一致,
pref,04,01,010,2007,2007,1260,地方特例交付金/地方特例交付金,地方特例交付金,旧DBと値が一致,
pref,04,01,010,2008,2008,1250,地方特例交付金/減収補てん特例交付金,減収補てん特例交付金,旧DBと値が一致,
pref,04,01,010,2009,2009,1210,地方特例交付金,地方特例交付金等,旧DBと値が一致,名称が年度により「地方特例交付金」と「地方特例交付金等」で入れ替わる。どちらも内訳の合計
pref,04,01,010,2010,2014,1210,地方特例交付金,地方特例交付金,旧DBと値が一致,名称が年度により「地方特例交付金」と「地方特例交付金等」で入れ替わる。どちらも内訳の合計
pref,04,01,010,2015,2015,1210,地方特例交付金,地方特例交付金,前後年度の同名・同位置から延長,名称が年度により「地方特例交付金」と「地方特例交付金等」で入れ替わる。どちらも内訳の合計
pref,04,01,010,2016,2017,1210,地方特例交付金,地方特例交付金,旧DBと値が一致,名称が年度により「地方特例交付金」と「地方特例交付金等」で入れ替わる。どちらも内訳の合計
pref,04,01,010,2018,2018,1210,地方特例交付金,地方特例交付金,前年度の同名・同位置から延長,名称が年度により「地方特例交付金」と「地方特例交付金等」で入れ替わる。どちらも内訳の合計
pref,04,01,010,2019,2019,N012,地方譲与税/森林環境譲与税,森林環境譲与税,旧DBにない項目（親子は値の合計で検算）,
pref,04,01,010,2020,2022,N019,地方譲与税/特別法人事業譲与税,特別法人事業譲与税,旧DBにない項目（親子は値の合計で検算）,
pref,04,01,010,2023,2024,1120,市町村たばこ税都道府県交付金,市町村たばこ税都道府県交付金,前年度の同名・同位置から延長,
pref,04,01,011,1989,2003,1340,交通安全対策特別交付金,交通安全対策特別交付金,旧DBと値が一致,
pref,04,01,011,2004,2004,1300,地方交付税,地方交付税,旧DBと値が一致,
pref,04,01,011,2005,2005,1290,地方特例交付金/税源移譲予定特例交付金,税源委譲予定特例交付金,旧DBと値が一致,
pref,04,01,011,2006,2006,1240,地方特例交付金/児童手当特例交付金,児童手当特例交付金,旧DBと値が一致,
pref,04,01,011,2007,2008,1270,地方特例交付金/特別交付金,特別交付金,旧DBと値が一致,
pref,04,01,011,2009,2009,1240,地方特例交付金/児童手当特例交付金,児童手当特例交付金,旧DBと値が一致,
pref,04,01,011,2010,2011,1230,地方特例交付金/児童手当及び子ども手当特例交付金,児童手当及び子ども手当特例交付金,旧DBと値が一致,
pref,04,01,011,2012,2012,-,（空欄）,-,様式上の空欄,
pref,04,01,011,2013,2013,-,（空欄）,-,様式上の空欄,
pref,04,01,011,2014,2014,-,（空欄）,-,様式上の空欄,
pref,04,01,011,2015,2015,-,（空欄）,-,様式上の空欄,
pref,04,01,011,2016,2016,-,（空欄）,-,様式上の空欄,
pref,04,01,011,2017,2017,-,（空欄）,－,様式上の空欄,
pref,04,01,011,2018,2018,-,（空欄）,－,様式上の空欄,
pref,04,01,011,2019,2022,1120,市町村たばこ税都道府県交付金,市町村たばこ税都道府県交付金,前年度の同名・同位置から延長,
pref,04,01,011,2023,2024,1210,地方特例交付金,地方特例交付金等,名称と位置から確定（親子は値の合計で検算）,名称が年度により「地方特例交付金」と「地方特例交付金等」で入れ替わる。どちらも内訳の合計
pref,04,01,012,1989,2003,1350,分担金及び負担金,分担金及び負担金,旧DBと値が一致,
pref,04,01,012,2004,2004,1310,地方交付税/普通交付税,普通交付税,旧DBと値が一致,
pref,04,01,012,2005,2007,1300,地方交付税,地方交付税,旧DBと値が一致,
pref,04,01,012,2008,2008,1280,地方特例交付金/地方税等減収補てん臨時交付金,地方税等減収補てん臨時交付金,旧DBと値が一致,
pref,04,01,012,2009,2011,1250,地方特例交付金/減収補てん特例交付金,減収補?特例交付金,旧DBと値が一致,
pref,04,01,012,2012,2012,-,（空欄）,-,様式上の空欄,
pref,04,01,012,2013,2013,-,（空欄）,-,様式上の空欄,
pref,04,01,012,2014,2014,-,（空欄）,-,様式上の空欄,
pref,04,01,012,2015,2015,-,（空欄）,-,様式上の空欄,
pref,04,01,012,2016,2016,-,（空欄）,-,様式上の空欄,
pref,04,01,012,2017,2017,-,（空欄）,－,様式上の空欄,
pref,04,01,012,2018,2018,-,（空欄）,－,様式上の空欄,
pref,04,01,012,2019,2019,1210,地方特例交付金,地方特例交付金等,名称と位置から確定（親子は値の合計で検算）,名称が年度により「地方特例交付金」と「地方特例交付金等」で入れ替わる。どちらも内訳の合計
pref,04,01,012,2020,2020,1210,地方特例交付金,地方特例交付金,名称と位置から確定（親子は値の合計で検算）,名称が年度により「地方特例交付金」と「地方特例交付金等」で入れ替わる。どちらも内訳の合計
pref,04,01,012,2021,2022,1210,地方特例交付金,地方特例交付金等,名称と位置から確定（親子は値の合計で検算）,名称が年度により「地方特例交付金」と「地方特例交付金等」で入れ替わる。どちらも内訳の合計
pref,04,01,012,2023,2023,1260,地方特例交付金/地方特例交付金,地方特例交付金,名称と位置から確定（親子は値の合計で検算）,
pref,04,01,012,2024,2024,N_住宅借入金等特別税額控除減収補塡特例交付金,地方特例交付金/住宅借入金等特別税額控除減収補塡特例交付金,住宅借入金等特別税額控除減収補?特例交付金,名称と位置から確定（親子は値の合計で検算）,
pref,04,01,013,1989,2003,1360,分担金及び負担金/同級他団体からのもの,同級他団体からのもの,旧DBと値が一致,
pref,04,01,013,2004,2004,1320,地方交付税/特別交付税,特別交付税,旧DBと値が一致,
pref,04,01,013,2005,2007,1310,地方交付税/普通交付税,普通交付税,旧DBと値が一致,
pref,04,01,013,2008,2008,1300,地方交付税,地方交付税,旧DBと値が一致,
pref,04,01,013,2009,2009,1270,地方特例交付金/特別交付金,特別交付金,旧DBと値が一致,
pref,04,01,013,2010,2010,-,（空欄）,－,様式上の空欄,
pref,04,01,013,2011,2014,1300,地方交付税,地方交付税,旧DBと値が一致,
pref,04,01,013,2015,2015,1300,地方交付税,地方交付税,前後年度の同名・同位置から延長,
pref,04,01,013,2016,2017,1300,地方交付税,地方交付税,旧DBと値が一致,
pref,04,01,013,2018,2018,1300,地方交付税,地方交付税,前年度の同名・同位置から延長,
pref,04,01,013,2019,2022,N_個人住民税減収補塡特例交付金,地方特例交付金/個人住民税減収補塡特例交付金,個人住民税減収補?特例交付金,名称と位置から確定（親子は値の合計で検算）,
pref,04,01,013,2023,2023,N_新型コロナウイルス感染症対策地方税減収補塡特別交付金,地方特例交付金/新型コロナウイルス感染症対策地方税減収補塡特別交付金,新型コロナウイルス感染症対策地方税減収補?特別交付金,名称と位置から確定（親子は値の合計で検算）,
pref,04,01,013,2024,2024,N_定額減税減収補塡特例交付金,地方特例交付金/定額減税減収補塡特例交付金,定額減税減収補?特例交付金,名称と位置から確定（親子は値の合計で検算）,
pref,04,01,014,1989,2003,1380,分担金及び負担金/市町村からのもの,市町村からのもの,旧DBと値が一致,
pref,04,01,014,2004,2004,1340,交通安全対策特別交付金,交通安全対策特別交付金,旧DBと値が一致,
pref,04,01,014,2005,2007,1320,地方交付税/特別交付税,特別交付税,旧DBと値が一致,
pref,04,01,014,2008,2008,1310,地方交付税/普通交付税,普通交付税,旧DBと値が一致,
pref,04,01,014,2009,2010,1300,地方交付税,地方交付税,旧DBと値が一致,
pref,04,01,014,2011,2014,1310,地方交付税/普通交付税,普通交付税,旧DBと値が一致,
pref,04,01,014,2015,2015,1310,地方交付税/普通交付税,普通交付税,前後年度の同名・同位置から延長,
pref,04,01,014,2016,2017,1310,地方交付税/普通交付税,普通交付税,旧DBと値が一致,
pref,04,01,014,2018,2018,1310,地方交付税/普通交付税,普通交付税,前年度の同名・同位置から延長,
pref,04,01,014,2019,2022,N_自動車税減収補塡特例交付金,地方特例交付金/自動車税減収補塡特例交付金,自動車税減収補?特例交付金,名称と位置から確定（親子は値の合計で検算）,
pref,04,01,014,2023,2023,1300,地方交付税,地方交付税,前年度の同名・同位置から延長,
pref,04,01,014,2024,2024,N_新型コロナウイルス感染症対策地方税減収補塡特別交付金,地方特例交付金/新型コロナウイルス感染症対策地方税減収補塡特別交付金,新型コロナウイルス感染症対策地方税減収補?特別交付金,名称と位置から確定（親子は値の合計で検算）,
pref,04,01,015,1989,2003,1390,分担金及び負担金/その他,その他,旧DBと値が一致,
pref,04,01,015,2004,2004,1350,分担金及び負担金,分担金及び負担金,旧DBと値が一致,
pref,04,01,015,2005,2007,1340,交通安全対策特別交付金,交通安全対策特別交付金,旧DBと値が一致,
pref,04,01,015,2008,2008,1320,地方交付税/特別交付税,特別交付税,旧DBと値が一致,
pref,04,01,015,2009,2010,1310,地方交付税/普通交付税,普通交付税,旧DBと値が一致,
pref,04,01,015,2011,2014,1320,地方交付税/特別交付税,特別交付税,旧DBと値が一致,
pref,04,01,015,2015,2015,1320,地方交付税/特別交付税,特別交付税,前後年度の同名・同位置から延長,
pref,04,01,015,2016,2017,1320,地方交付税/特別交付税,特別交付税,旧DBと値が一致,
pref,04,01,015,2018,2018,1320,地方交付税/特別交付税,特別交付税,前年度の同名・同位置から延長,
pref,04,01,015,2019,2019,N_子ども・子育て支援臨時交付金,地方特例交付金/子ども・子育て支援臨時交付金,子ども・子育て支援臨時交付金,名称と位置から確定（親子は値の合計で検算）,
pref,04,01,015,2020,2020,1300,地方交付税,地方交付税,前年度の同名・同位置から延長,
pref,04,01,015,2021,2022,N_新型コロナウイルス感染症対策地方税減収補塡特別交付金,地方特例交付金/新型コロナウイルス感染症対策地方税減収補塡特別交付金,新型コロナウイルス感染症対策地方税減収補?特別交付金,名称と位置から確定（親子は値の合計で検算）,
pref,04,01,015,2023,2023,1310,地方交付税/普通交付税,普通交付税,前年度の同名・同位置から延長,
pref,04,01,015,2024,2024,1300,地方交付税,地方交付税,前年度の同名・同位置から延長,
pref,04,01,016,1989,2003,1400,使用料,使用料,旧DBと値が一致,
pref,04,01,016,2004,2004,1360,分担金及び負担金/同級他団体からのもの,同級他団体からのもの,旧DBと値が一致,
pref,04,01,016,2005,2007,1350,分担金及び負担金,分担金及び負担金,旧DBと値が一致,
pref,04,01,016,2008,2008,1340,交通安全対策特別交付金,交通安全対策特別交付金,旧DBと値が一致,
pref,04,01,016,2009,2010,1320,地方交付税/特別交付税,特別交付税,旧DBと値が一致,
pref,04,01,016,2011,2014,1330,地方交付税/震災復興特別交付税,震災復興特別交付税,旧DBと値が一致,
pref,04,01,016,2015,2015,1330,地方交付税/震災復興特別交付税,震災復興特別交付税,前後年度の同名・同位置から延長,
pref,04,01,016,2016,2017,1330,地方交付税/震災復興特別交付税,震災復興特別交付税,旧DBと値が一致,
pref,04,01,016,2018,2018,1330,地方交付税/震災復興特別交付税,震災復興特別交付税,前年度の同名・同位置から延長,
pref,04,01,016,2019,2019,1300,地方交付税,地方交付税,前年度の同名・同位置から延長,
pref,04,01,016,2020,2020,1310,地方交付税/普通交付税,普通交付税,前年度の同名・同位置から延長,
pref,04,01,016,2021,2022,1300,地方交付税,地方交付税,前年度の同名・同位置から延長,
pref,04,01,016,2023,2023,1320,地方交付税/特別交付税,特別交付税,前年度の同名・同位置から延長,
pref,04,01,016,2024,2024,1310,地方交付税/普通交付税,普通交付税,前年度の同名・同位置から延長,
pref,04,01,017,1989,2003,1410,使用料/授業料,授業料,旧DBと値が一致,
pref,04,01,017,2004,2004,1380,分担金及び負担金/市町村からのもの,市町村からのもの,旧DBと値が一致,
pref,04,01,017,2005,2007,1360,分担金及び負担金/同級他団体からのもの,同級他団体からのもの,旧DBと値が一致,
pref,04,01,017,2008,2008,1350,分担金及び負担金,分担金及び負担金,旧DBと値が一致,
pref,04,01,017,2009,2014,1340,交通安全対策特別交付金,交通安全対策特別交付金,旧DBと値が一致,
pref,04,01,017,2015,2015,1340,交通安全対策特別交付金,交通安全対策特別交付金,前後年度の同名・同位置から延長,
pref,04,01,017,2016,2017,1340,交通安全対策特別交付金,交通安全対策特別交付金,旧DBと値が一致,
pref,04,01,017,2018,2018,1340,交通安全対策特別交付金,交通安全対策特別交付金,前年度の同名・同位置から延長,
pref,04,01,017,2019,2019,1310,地方交付税/普通交付税,普通交付税,前年度の同名・同位置から延長,
pref,04,01,017,2020,2020,1320,地方交付税/特別交付税,特別交付税,前年度の同名・同位置から延長,
pref,04,01,017,2021,2022,1310,地方交付税/普通交付税,普通交付税,前年度の同名・同位置から延長,
pref,04,01,017,2023,2023,1330,地方交付税/震災復興特別交付税,震災復興特別交付税,前年度の同名・同位置から延長,
pref,04,01,017,2024,2024,1320,地方交付税/特別交付税,特別交付税,前年度の同名・同位置から延長,
pref,04,01,018,1989,2003,1420,使用料/授業料/高等学校,高等学校,旧DBと値が一致,
pref,04,01,018,2004,2004,1390,分担金及び負担金/その他,その他,旧DBと値が一致,
pref,04,01,018,2005,2007,1380,分担金及び負担金/市町村からのもの,市町村からのもの,旧DBと値が一致,
pref,04,01,018,2008,2008,1360,分担金及び負担金/同級他団体からのもの,同級他団体からのもの,旧DBと値が一致,
pref,04,01,018,2009,2014,1350,分担金及び負担金,分担金及び負担金,旧DBと値が一致,
pref,04,01,018,2015,2015,1350,分担金及び負担金,分担金及び負担金,前後年度の同名・同位置から延長,
pref,04,01,018,2016,2017,1350,分担金及び負担金,分担金及び負担金,旧DBと値が一致,
pref,04,01,018,2018,2018,1350,分担金及び負担金,分担金及び負担金,前年度の同名・同位置から延長,
pref,04,01,018,2019,2019,1320,地方交付税/特別交付税,特別交付税,前年度の同名・同位置から延長,
pref,04,01,018,2020,2020,1330,地方交付税/震災復興特別交付税,震災復興特別交付税,前年度の同名・同位置から延長,
pref,04,01,018,2021,2022,1320,地方交付税/特別交付税,特別交付税,前年度の同名・同位置から延長,
pref,04,01,018,2023,2023,1340,交通安全対策特別交付金,交通安全対策特別交付金,前年度の同名・同位置から延長,
pref,04,01,018,2024,2024,1330,地方交付税/震災復興特別交付税,震災復興特別交付税,前年度の同名・同位置から延長,
pref,04,01,019,1989,2003,1440,使用料/授業料/その他,その他,旧DBと値が一致,
pref,04,01,019,2004,2004,1400,使用料,使用料,旧DBと値が一致,
pref,04,01,019,2005,2007,1390,分担金及び負担金/その他,その他,旧DBと値が一致,
pref,04,01,019,2008,2008,1380,分担金及び負担金/市町村からのもの,市町村からのもの,旧DBと値が一致,
pref,04,01,019,2009,2014,1360,分担金及び負担金/同級他団体からのもの,同級他団体からのもの,旧DBと値が一致,
pref,04,01,019,2015,2015,1360,分担金及び負担金/同級他団体からのもの,同級他団体からのもの,前後年度の同名・同位置から延長,
pref,04,01,019,2016,2017,1360,分担金及び負担金/同級他団体からのもの,同級他団体からのもの,旧DBと値が一致,
pref,04,01,019,2018,2018,1360,分担金及び負担金/同級他団体からのもの,同級他団体からのもの,前年度の同名・同位置から延長,
pref,04,01,019,2019,2019,1330,地方交付税/震災復興特別交付税,震災復興特別交付税,前年度の同名・同位置から延長,
pref,04,01,019,2020,2020,1340,交通安全対策特別交付金,交通安全対策特別交付金,前年度の同名・同位置から延長,
pref,04,01,019,2021,2022,1330,地方交付税/震災復興特別交付税,震災復興特別交付税,前年度の同名・同位置から延長,
pref,04,01,019,2023,2023,1350,分担金及び負担金,分担金及び負担金,前年度の同名・同位置から延長,
pref,04,01,019,2024,2024,1340,交通安全対策特別交付金,交通安全対策特別交付金,前年度の同名・同位置から延長,
pref,04,01,020,1989,2003,1460,使用料/発電水利使用料,発電水利使用料,旧DBと値が一致,
pref,04,01,020,2004,2004,1410,使用料/授業料,授業料,旧DBと値が一致,
pref,04,01,020,2005,2007,1400,使用料,使用料,旧DBと値が一致,
pref,04,01,020,2008,2008,1390,分担金及び負担金/その他,その他,旧DBと値が一致,
pref,04,01,020,2009,2014,1380,分担金及び負担金/市町村からのもの,市町村からのもの,旧DBと値が一致,
pref,04,01,020,2015,2015,1380,分担金及び負担金/市町村からのもの,市町村からのもの,前後年度の同名・同位置から延長,
pref,04,01,020,2016,2017,1380,分担金及び負担金/市町村からのもの,市町村からのもの,旧DBと値が一致,
pref,04,01,020,2018,2018,1380,分担金及び負担金/市町村からのもの,市町村からのもの,前年度の同名・同位置から延長,
pref,04,01,020,2019,2019,1340,交通安全対策特別交付金,交通安全対策特別交付金,前年度の同名・同位置から延長,
pref,04,01,020,2020,2020,1350,分担金及び負担金,分担金及び負担金,前年度の同名・同位置から延長,
pref,04,01,020,2021,2022,1340,交通安全対策特別交付金,交通安全対策特別交付金,前年度の同名・同位置から延長,
pref,04,01,020,2023,2023,1360,分担金及び負担金/同級他団体からのもの,同級他団体からのもの,前年度の同名・同位置から延長,
pref,04,01,020,2024,2024,1350,分担金及び負担金,分担金及び負担金,前年度の同名・同位置から延長,
pref,04,01,021,1989,2003,1470,使用料/公営住宅使用料,公営住宅使用料,旧DBと値が一致,
pref,04,01,021,2004,2004,1420,使用料/授業料/高等学校,高等学校,旧DBと値が一致,
pref,04,01,021,2005,2007,1410,使用料/授業料,授業料,旧DBと値が一致,
pref,04,01,021,2008,2008,1400,使用料,使用料,旧DBと値が一致,
pref,04,01,021,2009,2014,1390,分担金及び負担金/その他,その他,旧DBと値が一致,
pref,04,01,021,2015,2015,1390,分担金及び負担金/その他,その他,前後年度の同名・同位置から延長,
pref,04,01,021,2016,2017,1390,分担金及び負担金/その他,その他,旧DBと値が一致,
pref,04,01,021,2018,2018,1390,分担金及び負担金/その他,その他,前年度の同名・同位置から延長,
pref,04,01,021,2019,2019,1350,分担金及び負担金,分担金及び負担金,前年度の同名・同位置から延長,
pref,04,01,021,2020,2020,1360,分担金及び負担金/同級他団体からのもの,同級他団体からのもの,前年度の同名・同位置から延長,
pref,04,01,021,2021,2022,1350,分担金及び負担金,分担金及び負担金,前年度の同名・同位置から延長,
pref,04,01,021,2023,2023,1380,分担金及び負担金/市町村からのもの,市町村からのもの,前年度の同名・同位置から延長,
pref,04,01,021,2024,2024,1360,分担金及び負担金/同級他団体からのもの,同級他団体からのもの,前年度の同名・同位置から延長,
pref,04,01,022,1989,2003,1480,使用料/その他,その他,旧DBと値が一致,
pref,04,01,022,2004,2004,1440,使用料/授業料/その他,その他,旧DBと値が一致,
pref,04,01,022,2005,2007,1420,使用料/授業料/高等学校,高等学校,旧DBと値が一致,
pref,04,01,022,2008,2008,1410,使用料/授業料,授業料,旧DBと値が一致,
pref,04,01,022,2009,2014,1400,使用料,使用料,旧DBと値が一致,
pref,04,01,022,2015,2015,1400,使用料,使用料,前後年度の同名・同位置から延長,
pref,04,01,022,2016,2017,1400,使用料,使用料,旧DBと値が一致,
pref,04,01,022,2018,2018,1400,使用料,使用料,前年度の同名・同位置から延長,
pref,04,01,022,2019,2019,1360,分担金及び負担金/同級他団体からのもの,同級他団体からのもの,前年度の同名・同位置から延長,
pref,04,01,022,2020,2020,1380,分担金及び負担金/市町村からのもの,市町村からのもの,前年度の同名・同位置から延長,
pref,04,01,022,2021,2022,1360,分担金及び負担金/同級他団体からのもの,同級他団体からのもの,前年度の同名・同位置から延長,
pref,04,01,022,2023,2023,1390,分担金及び負担金/その他,その他,前年度の同名・同位置から延長,
pref,04,01,022,2024,2024,1380,分担金及び負担金/市町村からのもの,市町村からのもの,前年度の同名・同位置から延長,
pref,04,01,023,1989,2003,1490,手数料,手数料,旧DBと値が一致,
pref,04,01,023,2004,2004,1460,使用料/発電水利使用料,発電水利使用料,旧DBと値が一致,
pref,04,01,023,2005,2006,1440,使用料/授業料/その他,その他,旧DBと値が一致,
pref,04,01,023,2007,2007,1430,使用料/授業料/幼稚園,幼稚園,旧DBと値が一致,
pref,04,01,023,2008,2008,1420,使用料/授業料/高等学校,高等学校,旧DBと値が一致,
pref,04,01,023,2009,2014,1410,使用料/授業料,授業料,旧DBと値が一致,
pref,04,01,023,2015,2015,1410,使用料/授業料,授業料,前後年度の同名・同位置から延長,
pref,04,01,023,2016,2017,1410,使用料/授業料,授業料,旧DBと値が一致,
pref,04,01,023,2018,2018,1410,使用料/授業料,授業料,前年度の同名・同位置から延長,
pref,04,01,023,2019,2019,1380,分担金及び負担金/市町村からのもの,市町村からのもの,前年度の同名・同位置から延長,
pref,04,01,023,2020,2020,1390,分担金及び負担金/その他,その他,前年度の同名・同位置から延長,
pref,04,01,023,2021,2022,1380,分担金及び負担金/市町村からのもの,市町村からのもの,前年度の同名・同位置から延長,
pref,04,01,023,2023,2023,1400,使用料,使用料,前年度の同名・同位置から延長,
pref,04,01,023,2024,2024,1390,分担金及び負担金/その他,その他,前年度の同名・同位置から延長,
pref,04,01,024,1989,1999,1520,手数料/法令に基づくもの,法令に基づくもの,旧DBと値が一致,2000年度の地方分権改革で区分が変わり、「法定受託事務に係るもの」「自治事務に係るもの」に置き換わった（同じ項目ではない）
pref,04,01,024,2000,2003,1500,手数料/法定受託事務に係るもの,法定受託事務に係るもの,旧DBと値が一致,
pref,04,01,024,2004,2004,1470,使用料/公営住宅使用料,公営住宅使用料,旧DBと値が一致,
pref,04,01,024,2005,2006,1460,使用料/発電水利使用料,発電水利使用料,旧DBと値が一致,
pref,04,01,024,2007,2007,1440,使用料/授業料/その他,その他,旧DBと値が一致,
pref,04,01,024,2008,2008,1430,使用料/授業料/幼稚園,幼稚園,旧DBと値が一致,
pref,04,01,024,2009,2014,1420,使用料/授業料/高等学校,高等学校,旧DBと値が一致,
pref,04,01,024,2015,2015,1420,使用料/授業料/高等学校,高等学校,前後年度の同名・同位置から延長,
pref,04,01,024,2016,2017,1420,使用料/授業料/高等学校,高等学校,旧DBと値が一致,
pref,04,01,024,2018,2018,1420,使用料/授業料/高等学校,高等学校,前年度の同名・同位置から延長,
pref,04,01,024,2019,2019,1390,分担金及び負担金/その他,その他,前年度の同名・同位置から延長,
pref,04,01,024,2020,2020,1400,使用料,使用料,前年度の同名・同位置から延長,
pref,04,01,024,2021,2022,1390,分担金及び負担金/その他,その他,前年度の同名・同位置から延長,
pref,04,01,024,2023,2023,1410,使用料/授業料,授業料,前年度の同名・同位置から延長,
pref,04,01,024,2024,2024,1400,使用料,使用料,前年度の同名・同位置から延長,
pref,04,01,025,1989,1999,1530,手数料/条例に基づくもの,条例に基づくもの,旧DBと値が一致,同上
pref,04,01,025,2000,2003,1510,手数料/自治事務に係るもの,自治事務に係るもの,旧DBと値が一致,
pref,04,01,025,2004,2004,1480,使用料/その他,その他,旧DBと値が一致,
pref,04,01,025,2005,2006,1470,使用料/公営住宅使用料,公営住宅使用料,旧DBと値が一致,
pref,04,01,025,2007,2007,1450,使用料/保育所使用料,保育所使用料,名称と位置から確定（親子は値の合計で検算）,
pref,04,01,025,2008,2008,1440,使用料/授業料/その他,その他,旧DBと値が一致,
pref,04,01,025,2009,2014,1430,使用料/授業料/幼稚園,幼稚園,旧DBと値が一致,
pref,04,01,025,2015,2015,1430,使用料/授業料/幼稚園,幼稚園,前後年度の同名・同位置から延長,
pref,04,01,025,2016,2016,1430,使用料/授業料/幼稚園,幼稚園,旧DBと値が一致,
pref,04,01,025,2017,2017,1430,使用料/授業料/幼稚園,幼稚園,前後年度の同名・同位置から延長,
pref,04,01,025,2018,2018,1430,使用料/授業料/幼稚園,幼稚園,前年度の同名・同位置から延長,
pref,04,01,025,2019,2019,1400,使用料,使用料,前年度の同名・同位置から延長,
pref,04,01,025,2020,2020,1410,使用料/授業料,授業料,前年度の同名・同位置から延長,
pref,04,01,025,2021,2022,1400,使用料,使用料,前年度の同名・同位置から延長,
pref,04,01,025,2023,2023,1420,使用料/授業料/高等学校,高等学校,前年度の同名・同位置から延長,
pref,04,01,025,2024,2024,1410,使用料/授業料,授業料,前年度の同名・同位置から延長,
pref,04,01,026,1989,2003,1540,国庫支出金,国庫支出金,旧DBと値が一致,
pref,04,01,026,2004,2004,1490,手数料,手数料,旧DBと値が一致,
pref,04,01,026,2005,2006,1480,使用料/その他,その他,旧DBと値が一致,
pref,04,01,026,2007,2007,1460,使用料/発電水利使用料,発電水利使用料,旧DBと値が一致,
pref,04,01,026,2008,2008,1450,使用料/保育所使用料,保育所使用料,名称と位置から確定（親子は値の合計で検算）,
pref,04,01,026,2009,2014,1440,使用料/授業料/その他,その他,旧DBと値が一致,
pref,04,01,026,2015,2015,1440,使用料/授業料/その他,その他,前後年度の同名・同位置から延長,
pref,04,01,026,2016,2017,1440,使用料/授業料/その他,その他,旧DBと値が一致,
pref,04,01,026,2018,2018,1440,使用料/授業料/その他,その他,前年度の同名・同位置から延長,
pref,04,01,026,2019,2019,1410,使用料/授業料,授業料,前年度の同名・同位置から延長,
pref,04,01,026,2020,2020,1420,使用料/授業料/高等学校,高等学校,前年度の同名・同位置から延長,
pref,04,01,026,2021,2022,1410,使用料/授業料,授業料,前年度の同名・同位置から延長,
pref,04,01,026,2023,2023,1430,使用料/授業料/幼稚園,幼稚園,前年度の同名・同位置から延長,
pref,04,01,026,2024,2024,1420,使用料/授業料/高等学校,高等学校,前年度の同名・同位置から延長,
pref,04,01,027,1989,2003,1550,国庫支出金/義務教育費負担金,義務教育費負担金,旧DBと値が一致,
pref,04,01,027,2004,2004,1500,手数料/法定受託事務に係るもの,法定受託事務に係るもの,旧DBと値が一致,
pref,04,01,027,2005,2006,1490,手数料,手数料,旧DBと値が一致,
pref,04,01,027,2007,2007,1470,使用料/公営住宅使用料,公営住宅使用料,旧DBと値が一致,
pref,04,01,027,2008,2014,1460,使用料/発電水利使用料,発電水利使用料,旧DBと値が一致,
pref,04,01,027,2015,2015,1460,使用料/発電水利使用料,発電水利使用料,前後年度の同名・同位置から延長,
pref,04,01,027,2016,2017,1460,使用料/発電水利使用料,発電水利使用料,旧DBと値が一致,
pref,04,01,027,2018,2018,1460,使用料/発電水利使用料,発電水利使用料,前年度の同名・同位置から延長,
pref,04,01,027,2019,2019,1420,使用料/授業料/高等学校,高等学校,前年度の同名・同位置から延長,
pref,04,01,027,2020,2020,1430,使用料/授業料/幼稚園,幼稚園,前年度の同名・同位置から延長,
pref,04,01,027,2021,2022,1420,使用料/授業料/高等学校,高等学校,前年度の同名・同位置から延長,
pref,04,01,027,2023,2023,1440,使用料/授業料/その他,その他,前年度の同名・同位置から延長,
pref,04,01,027,2024,2024,1430,使用料/授業料/幼稚園,幼稚園,前年度の同名・同位置から延長,
pref,04,01,028,1989,2003,1560,国庫支出金/生活保護費負担金,生活保護費負担金,旧DBと値が一致,
pref,04,01,028,2004,2004,1510,手数料/自治事務に係るもの,自治事務に係るもの,旧DBと値が一致,
pref,04,01,028,2005,2006,1500,手数料/法定受託事務に係るもの,法定受託事務に係るもの,旧DBと値が一致,
pref,04,01,028,2007,2007,1480,使用料/その他,その他,旧DBと値が一致,
pref,04,01,028,2008,2014,1470,使用料/公営住宅使用料,公営住宅使用料,旧DBと値が一致,
pref,04,01,028,2015,2015,1470,使用料/公営住宅使用料,公営住宅使用料,前後年度の同名・同位置から延長,
pref,04,01,028,2016,2017,1470,使用料/公営住宅使用料,公営住宅使用料,旧DBと値が一致,
pref,04,01,028,2018,2018,1470,使用料/公営住宅使用料,公営住宅使用料,前年度の同名・同位置から延長,
pref,04,01,028,2019,2019,1430,使用料/授業料/幼稚園,幼稚園,前年度の同名・同位置から延長,
pref,04,01,028,2020,2020,1440,使用料/授業料/その他,その他,前年度の同名・同位置から延長,
pref,04,01,028,2021,2022,1430,使用料/授業料/幼稚園,幼稚園,前年度の同名・同位置から延長,
pref,04,01,028,2023,2023,1460,使用料/発電水利使用料,発電水利使用料,前年度の同名・同位置から延長,
pref,04,01,028,2024,2024,1440,使用料/授業料/その他,その他,前年度の同名・同位置から延長,
pref,04,01,029,1989,2003,1570,国庫支出金/児童保護費等負担金,児童保護費負担金,旧DBと値が一致,
pref,04,01,029,2004,2004,1540,国庫支出金,国庫支出金,旧DBと値が一致,
pref,04,01,029,2005,2006,1510,手数料/自治事務に係るもの,自治事務に係るもの,旧DBと値が一致,
pref,04,01,029,2007,2007,1490,手数料,手数料,旧DBと値が一致,
pref,04,01,029,2008,2014,1480,使用料/その他,その他,旧DBと値が一致,
pref,04,01,029,2015,2015,1480,使用料/その他,その他,前後年度の同名・同位置から延長,
pref,04,01,029,2016,2017,1480,使用料/その他,その他,旧DBと値が一致,
pref,04,01,029,2018,2018,1480,使用料/その他,その他,前年度の同名・同位置から延長,
pref,04,01,029,2019,2019,1440,使用料/授業料/その他,その他,前年度の同名・同位置から延長,
pref,04,01,029,2020,2020,1460,使用料/発電水利使用料,発電水利使用料,前年度の同名・同位置から延長,
pref,04,01,029,2021,2022,1440,使用料/授業料/その他,その他,前年度の同名・同位置から延長,
pref,04,01,029,2023,2023,1470,使用料/公営住宅使用料,公営住宅使用料,前年度の同名・同位置から延長,
pref,04,01,029,2024,2024,1460,使用料/発電水利使用料,発電水利使用料,前年度の同名・同位置から延長,
pref,04,01,030,1989,2003,1590,国庫支出金/結核医療費負担金,結核医療費負担金,旧DBと値が一致,
pref,04,01,030,2004,2004,1550,国庫支出金/義務教育費負担金,義務教育費負担金,旧DBと値が一致,
pref,04,01,030,2005,2006,1540,国庫支出金,国庫支出金,旧DBと値が一致,
pref,04,01,030,2007,2007,1500,手数料/法定受託事務に係るもの,法定受託事務に係るもの,旧DBと値が一致,
pref,04,01,030,2008,2014,1490,手数料,手数料,旧DBと値が一致,
pref,04,01,030,2015,2015,1490,手数料,手数料,前後年度の同名・同位置から延長,
pref,04,01,030,2016,2017,1490,手数料,手数料,旧DBと値が一致,
pref,04,01,030,2018,2018,1490,手数料,手数料,前年度の同名・同位置から延長,
pref,04,01,030,2019,2019,1460,使用料/発電水利使用料,発電水利使用料,前年度の同名・同位置から延長,
pref,04,01,030,2020,2020,1470,使用料/公営住宅使用料,公営住宅使用料,前年度の同名・同位置から延長,
pref,04,01,030,2021,2022,1460,使用料/発電水利使用料,発電水利使用料,前年度の同名・同位置から延長,
pref,04,01,030,2023,2023,1480,使用料/その他,その他,前年度の同名・同位置から延長,
pref,04,01,030,2024,2024,1470,使用料/公営住宅使用料,公営住宅使用料,前年度の同名・同位置から延長,
pref,04,01,031,1989,1992,1600,国庫支出金/精神保健費負担金,精神衛生費負担金,旧DBと値が一致,
pref,04,01,031,1993,2003,1600,国庫支出金/精神保健費負担金,精神保健費負担金,旧DBと値が一致,
pref,04,01,031,2004,2004,1560,国庫支出金/生活保護費負担金,生活保護費負担金,旧DBと値が一致,
pref,04,01,031,2005,2006,1550,国庫支出金/義務教育費負担金,義務教育費負担金,旧DBと値が一致,
pref,04,01,031,2007,2007,1510,手数料/自治事務に係るもの,自治事務に係るもの,旧DBと値が一致,
pref,04,01,031,2008,2014,1500,手数料/法定受託事務に係るもの,法定受託事務に係るもの,旧DBと値が一致,
pref,04,01,031,2015,2015,1500,手数料/法定受託事務に係るもの,法定受託事務に係るもの,前後年度の同名・同位置から延長,
pref,04,01,031,2016,2017,1500,手数料/法定受託事務に係るもの,法定受託事務に係るもの,旧DBと値が一致,
pref,04,01,031,2018,2018,1500,手数料/法定受託事務に係るもの,法定受託事務に係るもの,前年度の同名・同位置から延長,
pref,04,01,031,2019,2019,1470,使用料/公営住宅使用料,公営住宅使用料,前年度の同名・同位置から延長,
pref,04,01,031,2020,2020,1480,使用料/その他,その他,前年度の同名・同位置から延長,
pref,04,01,031,2021,2022,1470,使用料/公営住宅使用料,公営住宅使用料,前年度の同名・同位置から延長,
pref,04,01,031,2023,2023,1490,手数料,手数料,前年度の同名・同位置から延長,
pref,04,01,031,2024,2024,1480,使用料/その他,その他,前年度の同名・同位置から延長,
pref,04,01,032,1989,2003,1610,国庫支出金/老人保護費負担金,老人保護費負担金,旧DBと値が一致,
pref,04,01,032,2004,2004,1570,国庫支出金/児童保護費等負担金,児童保護費負担金,旧DBと値が一致,
pref,04,01,032,2005,2006,1560,国庫支出金/生活保護費負担金,生活保護費負担金,旧DBと値が一致,
pref,04,01,032,2007,2007,1540,国庫支出金,国庫支出金,旧DBと値が一致,
pref,04,01,032,2008,2014,1510,手数料/自治事務に係るもの,自治事務に係るもの,旧DBと値が一致,
pref,04,01,032,2015,2015,1510,手数料/自治事務に係るもの,自治事務に係るもの,前後年度の同名・同位置から延長,
pref,04,01,032,2016,2017,1510,手数料/自治事務に係るもの,自治事務に係るもの,旧DBと値が一致,
pref,04,01,032,2018,2018,1510,手数料/自治事務に係るもの,自治事務に係るもの,前年度の同名・同位置から延長,
pref,04,01,032,2019,2019,1480,使用料/その他,その他,前年度の同名・同位置から延長,
pref,04,01,032,2020,2020,1490,手数料,手数料,前年度の同名・同位置から延長,
pref,04,01,032,2021,2022,1480,使用料/その他,その他,前年度の同名・同位置から延長,
pref,04,01,032,2023,2023,1500,手数料/法定受託事務に係るもの,法定受託事務に係るもの,前年度の同名・同位置から延長,
pref,04,01,032,2024,2024,1490,手数料,手数料,前年度の同名・同位置から延長,
pref,04,01,033,1989,2003,1690,国庫支出金/普通建設事業費支出金,普通建設事業費支出金,旧DBと値が一致,
pref,04,01,033,2004,2004,1590,国庫支出金/結核医療費負担金,結核医療費負担金,旧DBと値が一致,
pref,04,01,033,2005,2006,1570,国庫支出金/児童保護費等負担金,児童保護費負担金,旧DBと値が一致,
pref,04,01,033,2007,2007,1550,国庫支出金/義務教育費負担金,義務教育費負担金,旧DBと値が一致,
pref,04,01,033,2008,2014,1540,国庫支出金,国庫支出金,旧DBと値が一致,
pref,04,01,033,2015,2015,1540,国庫支出金,国庫支出金,前後年度の同名・同位置から延長,
pref,04,01,033,2016,2017,1540,国庫支出金,国庫支出金,旧DBと値が一致,
pref,04,01,033,2018,2018,1540,国庫支出金,国庫支出金,前年度の同名・同位置から延長,
pref,04,01,033,2019,2019,1490,手数料,手数料,前年度の同名・同位置から延長,
pref,04,01,033,2020,2020,1500,手数料/法定受託事務に係るもの,法定受託事務に係るもの,前年度の同名・同位置から延長,
pref,04,01,033,2021,2022,1490,手数料,手数料,前年度の同名・同位置から延長,
pref,04,01,033,2023,2023,1510,手数料/自治事務に係るもの,自治事務に係るもの,前年度の同名・同位置から延長,
pref,04,01,033,2024,2024,1500,手数料/法定受託事務に係るもの,法定受託事務に係るもの,前年度の同名・同位置から延長,
pref,04,01,034,1989,2003,1700,国庫支出金/災害復旧事業費支出金,災害復旧事業費支出金,旧DBと値が一致,
pref,04,01,034,2004,2004,1600,国庫支出金/精神保健費負担金,精神保健費負担金,旧DBと値が一致,
pref,04,01,034,2005,2006,1590,国庫支出金/結核医療費負担金,結核医療費負担金,旧DBと値が一致,
pref,04,01,034,2007,2007,1560,国庫支出金/生活保護費負担金,生活保護費負担金,旧DBと値が一致,
pref,04,01,034,2008,2014,1550,国庫支出金/義務教育費負担金,義務教育費負担金,旧DBと値が一致,
pref,04,01,034,2015,2015,1550,国庫支出金/義務教育費負担金,義務教育費負担金,前後年度の同名・同位置から延長,
pref,04,01,034,2016,2017,1550,国庫支出金/義務教育費負担金,義務教育費負担金,旧DBと値が一致,
pref,04,01,034,2018,2018,1550,国庫支出金/義務教育費負担金,義務教育費負担金,前年度の同名・同位置から延長,
pref,04,01,034,2019,2019,1500,手数料/法定受託事務に係るもの,法定受託事務に係るもの,前年度の同名・同位置から延長,
pref,04,01,034,2020,2020,1510,手数料/自治事務に係るもの,自治事務に係るもの,前年度の同名・同位置から延長,
pref,04,01,034,2021,2022,1500,手数料/法定受託事務に係るもの,法定受託事務に係るもの,前年度の同名・同位置から延長,
pref,04,01,034,2023,2023,1540,国庫支出金,国庫支出金,前年度の同名・同位置から延長,
pref,04,01,034,2024,2024,1510,手数料/自治事務に係るもの,自治事務に係るもの,前年度の同名・同位置から延長,
pref,04,01,035,1989,2001,1710,国庫支出金/失業対策事業費支出金,失業対策事業費支出金,旧DBと値が一致,
pref,04,01,035,2002,2003,1710,国庫支出金/失業対策事業費支出金,失業対策事業費支出金,前後年度の同名・同位置から延長,
pref,04,01,035,2004,2004,1610,国庫支出金/老人保護費負担金,老人保護費負担金,旧DBと値が一致,
pref,04,01,035,2005,2006,1600,国庫支出金/精神保健費負担金,精神保健費負担金,旧DBと値が一致,
pref,04,01,035,2007,2007,1570,国庫支出金/児童保護費等負担金,児童保護費等負担金,旧DBと値が一致,
pref,04,01,035,2008,2014,1560,国庫支出金/生活保護費負担金,生活保護費負担金,旧DBと値が一致,
pref,04,01,035,2015,2015,1560,国庫支出金/生活保護費負担金,生活保護費負担金,前後年度の同名・同位置から延長,
pref,04,01,035,2016,2017,1560,国庫支出金/生活保護費負担金,生活保護費負担金,旧DBと値が一致,
pref,04,01,035,2018,2018,1560,国庫支出金/生活保護費負担金,生活保護費負担金,前年度の同名・同位置から延長,
pref,04,01,035,2019,2019,1510,手数料/自治事務に係るもの,自治事務に係るもの,前年度の同名・同位置から延長,
pref,04,01,035,2020,2020,1540,国庫支出金,国庫支出金,前年度の同名・同位置から延長,
pref,04,01,035,2021,2022,1510,手数料/自治事務に係るもの,自治事務に係るもの,前年度の同名・同位置から延長,
pref,04,01,035,2023,2023,1550,国庫支出金/義務教育費負担金,義務教育費負担金,前年度の同名・同位置から延長,
pref,04,01,035,2024,2024,1540,国庫支出金,国庫支出金,前年度の同名・同位置から延長,
pref,04,01,036,1989,2003,1720,国庫支出金/委託金,委託金,旧DBと値が一致,
pref,04,01,036,2004,2004,1690,国庫支出金/普通建設事業費支出金,普通建設事業費支出金,旧DBと値が一致,
pref,04,01,036,2005,2006,1610,国庫支出金/老人保護費負担金,老人保護費負担金,旧DBと値が一致,
pref,04,01,036,2007,2007,1620,国庫支出金/障害者自立支援給付費等負担金,障害者自立支援給付費等負担金,旧DBと値が一致,
pref,04,01,036,2008,2014,1570,国庫支出金/児童保護費等負担金,児童保護費等負担金,旧DBと値が一致,
pref,04,01,036,2015,2015,1570,国庫支出金/児童保護費等負担金,児童保護費等負担金,前後年度の同名・同位置から延長,
pref,04,01,036,2016,2017,1570,国庫支出金/児童保護費等負担金,児童保護費等負担金,旧DBと値が一致,
pref,04,01,036,2018,2018,1570,国庫支出金/児童保護費等負担金,児童保護費等負担金,前年度の同名・同位置から延長,
pref,04,01,036,2019,2019,1540,国庫支出金,国庫支出金,前年度の同名・同位置から延長,
pref,04,01,036,2020,2020,1550,国庫支出金/義務教育費負担金,義務教育費負担金,前年度の同名・同位置から延長,
pref,04,01,036,2021,2022,1540,国庫支出金,国庫支出金,前年度の同名・同位置から延長,
pref,04,01,036,2023,2023,1560,国庫支出金/生活保護費負担金,生活保護費負担金,前年度の同名・同位置から延長,
pref,04,01,036,2024,2024,1550,国庫支出金/義務教育費負担金,義務教育費負担金,前年度の同名・同位置から延長,
pref,04,01,037,1989,2003,1730,国庫支出金/委託金/普通建設事業,普通建設事業,旧DBと値が一致,
pref,04,01,037,2004,2004,1700,国庫支出金/災害復旧事業費支出金,災害復旧事業費支出金,旧DBと値が一致,
pref,04,01,037,2005,2006,1690,国庫支出金/普通建設事業費支出金,普通建設事業費支出金,旧DBと値が一致,
pref,04,01,037,2007,2007,N_児童手当交付金,国庫支出金/児童手当交付金,児童手当交付金,名称と位置から確定（親子は値の合計で検算）,
pref,04,01,037,2008,2014,1620,国庫支出金/障害者自立支援給付費等負担金,障害者自立支援給付費等負担金,旧DBと値が一致,
pref,04,01,037,2015,2015,1620,国庫支出金/障害者自立支援給付費等負担金,障害者自立支援給付費等負担金,前後年度の同名・同位置から延長,
pref,04,01,037,2016,2017,1620,国庫支出金/障害者自立支援給付費等負担金,障害者自立支援給付費等負担金,旧DBと値が一致,
pref,04,01,037,2018,2018,1620,国庫支出金/障害者自立支援給付費等負担金,障害者自立支援給付費等負担金,前年度の同名・同位置から延長,
pref,04,01,037,2019,2019,1550,国庫支出金/義務教育費負担金,義務教育費負担金,前年度の同名・同位置から延長,
pref,04,01,037,2020,2020,1560,国庫支出金/生活保護費負担金,生活保護費負担金,前年度の同名・同位置から延長,
pref,04,01,037,2021,2022,1550,国庫支出金/義務教育費負担金,義務教育費負担金,前年度の同名・同位置から延長,
pref,04,01,037,2023,2023,1570,国庫支出金/児童保護費等負担金,児童保護費等負担金,前年度の同名・同位置から延長,
pref,04,01,037,2024,2024,1560,国庫支出金/生活保護費負担金,生活保護費負担金,前年度の同名・同位置から延長,
pref,04,01,038,1989,2003,1740,国庫支出金/委託金/災害復旧事業,災害復旧事業,旧DBと値が一致,
pref,04,01,038,2004,2004,1710,国庫支出金/失業対策事業費支出金,失業対策事業費支出金,前後年度の同名・同位置から延長,
pref,04,01,038,2005,2006,1700,国庫支出金/災害復旧事業費支出金,災害復旧事業費支出金,旧DBと値が一致,
pref,04,01,038,2007,2007,1610,国庫支出金/老人保護費負担金,老人保護費負担金,旧DBと値が一致,
pref,04,01,038,2008,2014,1630,国庫支出金/私立高等学校等経常費助成費補助金,私立高等学校等経常費助成費補助金,旧DBと値が一致,
pref,04,01,038,2015,2015,1630,国庫支出金/私立高等学校等経常費助成費補助金,私立高等学校等経常費助成費補助金,前後年度の同名・同位置から延長,
pref,04,01,038,2016,2017,1630,国庫支出金/私立高等学校等経常費助成費補助金,私立高等学校等経常費助成費補助金,旧DBと値が一致,
pref,04,01,038,2018,2018,1630,国庫支出金/私立高等学校等経常費助成費補助金,私立高等学校等経常費助成費補助金,前年度の同名・同位置から延長,
pref,04,01,038,2019,2019,1560,国庫支出金/生活保護費負担金,生活保護費負担金,前年度の同名・同位置から延長,
pref,04,01,038,2020,2020,1570,国庫支出金/児童保護費等負担金,児童保護費等負担金,前年度の同名・同位置から延長,
pref,04,01,038,2021,2022,1560,国庫支出金/生活保護費負担金,生活保護費負担金,前年度の同名・同位置から延長,
pref,04,01,038,2023,2023,1620,国庫支出金/障害者自立支援給付費等負担金,障害者自立支援給付費等負担金,前年度の同名・同位置から延長,
pref,04,01,038,2024,2024,1570,国庫支出金/児童保護費等負担金,児童保護費等負担金,前年度の同名・同位置から延長,
pref,04,01,039,1989,2003,1750,国庫支出金/委託金/その他,その他,旧DBと値が一致,
pref,04,01,039,2004,2004,1720,国庫支出金/委託金,委託金,旧DBと値が一致,
pref,04,01,039,2005,2006,1710,国庫支出金/失業対策事業費支出金,失業対策事業費支出金,前後年度の同名・同位置から延長,
pref,04,01,039,2007,2007,1690,国庫支出金/普通建設事業費支出金,普通建設事業費支出金,旧DBと値が一致,
pref,04,01,039,2008,2009,1610,国庫支出金/老人保護費負担金,老人保護費負担金,旧DBと値が一致,
pref,04,01,039,2010,2010,1650,国庫支出金/児童手当及子ども手当交付金,児童手当及子ども手当交付金,前後年度の同名・同位置から延長,
pref,04,01,039,2011,2011,1650,国庫支出金/児童手当及子ども手当交付金,児童手当及子ども手当交付金,旧DBと値が一致,
pref,04,01,039,2012,2014,1640,国庫支出金/子どものための金銭の給付交付金,子どものための金銭の給付交付金,名称と位置から確定（親子は値の合計で検算）,
pref,04,01,039,2015,2018,1660,国庫支出金/児童手当等交付金,児童手当等交付金,名称と位置から確定（親子は値の合計で検算）,
pref,04,01,039,2019,2019,1570,国庫支出金/児童保護費等負担金,児童保護費等負担金,前年度の同名・同位置から延長,
pref,04,01,039,2020,2020,1620,国庫支出金/障害者自立支援給付費等負担金,障害者自立支援給付費等負担金,前年度の同名・同位置から延長,
pref,04,01,039,2021,2022,1570,国庫支出金/児童保護費等負担金,児童保護費等負担金,前年度の同名・同位置から延長,
pref,04,01,039,2023,2023,1630,国庫支出金/私立高等学校等経常費助成費補助金,私立高等学校等経常費助成費補助金,前年度の同名・同位置から延長,
pref,04,01,039,2024,2024,1620,国庫支出金/障害者自立支援給付費等負担金,障害者自立支援給付費等負担金,前年度の同名・同位置から延長,
pref,04,01,040,1989,2003,1760,国庫支出金/財政補給金,財政補給金,旧DBと値が一致,
pref,04,01,040,2004,2004,1730,国庫支出金/委託金/普通建設事業,普通建設事業,旧DBと値が一致,
pref,04,01,040,2005,2006,1720,国庫支出金/委託金,委託金,旧DBと値が一致,
pref,04,01,040,2007,2007,1700,国庫支出金/災害復旧事業費支出金,災害復旧事業費支出金,旧DBと値が一致,
pref,04,01,040,2008,2009,1690,国庫支出金/普通建設事業費支出金,普通建設事業費支出金,旧DBと値が一致,
pref,04,01,040,2010,2014,1670,国庫支出金/公立高等学校授業料不徴収交付金,公立高等学校授業料不徴収交付金,旧DBと値が一致,
pref,04,01,040,2015,2015,1670,国庫支出金/公立高等学校授業料不徴収交付金,公立高等学校授業料不徴収交付金,前後年度の同名・同位置から延長,
pref,04,01,040,2016,2017,1670,国庫支出金/公立高等学校授業料不徴収交付金,公立高等学校授業料不徴収交付金,旧DBと値が一致,
pref,04,01,040,2018,2018,1670,国庫支出金/公立高等学校授業料不徴収交付金,公立高等学校授業料不徴収交付金,前年度の同名・同位置から延長,
pref,04,01,040,2019,2019,1620,国庫支出金/障害者自立支援給付費等負担金,障害者自立支援給付費等負担金,前年度の同名・同位置から延長,
pref,04,01,040,2020,2020,1630,国庫支出金/私立高等学校等経常費助成費補助金,私立高等学校等経常費助成費補助金,前年度の同名・同位置から延長,
pref,04,01,040,2021,2022,1620,国庫支出金/障害者自立支援給付費等負担金,障害者自立支援給付費等負担金,前年度の同名・同位置から延長,
pref,04,01,040,2023,2023,1660,国庫支出金/児童手当等交付金,児童手当等交付金,名称と位置から確定（親子は値の合計で検算）,
pref,04,01,040,2024,2024,1630,国庫支出金/私立高等学校等経常費助成費補助金,私立高等学校等経常費助成費補助金,前年度の同名・同位置から延長,
pref,04,01,041,1989,2002,1820,国庫支出金/電源立地地域対策交付金,電源立地促進対策等交付金,旧DBと値が一致,2002年度以前は「電源立地促進対策等交付金」（2003年度に統合）。1本の系列として扱う
pref,04,01,041,2003,2003,1820,国庫支出金/電源立地地域対策交付金,電源立地地域対策交付金,旧DBと値が一致,2002年度以前は「電源立地促進対策等交付金」（2003年度に統合）。1本の系列として扱う
pref,04,01,041,2004,2004,1740,国庫支出金/委託金/災害復旧事業,災害復旧事業,旧DBと値が一致,
pref,04,01,041,2005,2006,1730,国庫支出金/委託金/普通建設事業,普通建設事業,旧DBと値が一致,
pref,04,01,041,2007,2007,1710,国庫支出金/失業対策事業費支出金,失業対策事業費支出金,前後年度の同名・同位置から延長,
pref,04,01,041,2008,2009,1700,国庫支出金/災害復旧事業費支出金,災害復旧事業費支出金,旧DBと値が一致,
pref,04,01,041,2010,2014,1680,国庫支出金/高等学校等就学支援金交付金,高等学校等就学支援金交付金,旧DBと値が一致,
pref,04,01,041,2015,2015,1680,国庫支出金/高等学校等就学支援金交付金,高等学校等就学支援金交付金,前後年度の同名・同位置から延長,
pref,04,01,041,2016,2017,1680,国庫支出金/高等学校等就学支援金交付金,高等学校等就学支援金交付金,旧DBと値が一致,
pref,04,01,041,2018,2018,1680,国庫支出金/高等学校等就学支援金交付金,高等学校等就学支援金交付金,前年度の同名・同位置から延長,
pref,04,01,041,2019,2019,1630,国庫支出金/私立高等学校等経常費助成費補助金,私立高等学校等経常費助成費補助金,前年度の同名・同位置から延長,
pref,04,01,041,2020,2020,1660,国庫支出金/児童手当等交付金,児童手当等交付金,名称と位置から確定（親子は値の合計で検算）,
pref,04,01,041,2021,2022,1630,国庫支出金/私立高等学校等経常費助成費補助金,私立高等学校等経常費助成費補助金,前年度の同名・同位置から延長,
pref,04,01,041,2023,2023,1670,国庫支出金/公立高等学校授業料不徴収交付金,公立高等学校授業料不徴収交付金,前年度の同名・同位置から延長,
pref,04,01,041,2024,2024,1660,国庫支出金/児童手当等交付金,児童手当等交付金,名称と位置から確定（親子は値の合計で検算）,
pref,04,01,042,1989,2003,1840,国庫支出金/石油貯蔵施設立地対策等交付金,石油貯蔵施設立地対策等交付金,旧DBと値が一致,
pref,04,01,042,2004,2004,1750,国庫支出金/委託金/その他,その他,旧DBと値が一致,
pref,04,01,042,2005,2006,1740,国庫支出金/委託金/災害復旧事業,災害復旧事業,旧DBと値が一致,
pref,04,01,042,2007,2007,1720,国庫支出金/委託金,委託金,旧DBと値が一致,
pref,04,01,042,2008,2009,1710,国庫支出金/失業対策事業費支出金,失業対策事業費支出金,前後年度の同名・同位置から延長,
pref,04,01,042,2010,2017,1690,国庫支出金/普通建設事業費支出金,普通建設事業費支出金,前後年度の同名・同位置から延長,
pref,04,01,042,2018,2018,1690,国庫支出金/普通建設事業費支出金,普通建設事業費支出金,前年度の同名・同位置から延長,
pref,04,01,042,2019,2019,1660,国庫支出金/児童手当等交付金,児童手当等交付金,名称と位置から確定（親子は値の合計で検算）,
pref,04,01,042,2020,2020,1670,国庫支出金/公立高等学校授業料不徴収交付金,公立高等学校授業料不徴収交付金,前年度の同名・同位置から延長,
pref,04,01,042,2021,2022,1660,国庫支出金/児童手当等交付金,児童手当等交付金,名称と位置から確定（親子は値の合計で検算）,
pref,04,01,042,2023,2023,1680,国庫支出金/高等学校等就学支援金交付金,高等学校等就学支援金交付金,前年度の同名・同位置から延長,
pref,04,01,042,2024,2024,1670,国庫支出金/公立高等学校授業料不徴収交付金,公立高等学校授業料不徴収交付金,前年度の同名・同位置から延長,
pref,04,01,043,1989,2003,1900,国庫支出金/その他,その他,旧DBと値が一致,2010〜2017年度は旧DBと「普通建設事業費支出金」の間で約45億円の計上先の違いがある（CSVの値を採用）
pref,04,01,043,2004,2004,1760,国庫支出金/財政補給金,財政補給金,旧DBと値が一致,
pref,04,01,043,2005,2006,1750,国庫支出金/委託金/その他,その他,旧DBと値が一致,
pref,04,01,043,2007,2007,1730,国庫支出金/委託金/普通建設事業,普通建設事業,旧DBと値が一致,
pref,04,01,043,2008,2009,1720,国庫支出金/委託金,委託金,旧DBと値が一致,
pref,04,01,043,2010,2014,1700,国庫支出金/災害復旧事業費支出金,災害復旧事業費支出金,旧DBと値が一致,
pref,04,01,043,2015,2015,1700,国庫支出金/災害復旧事業費支出金,災害復旧事業費支出金,前後年度の同名・同位置から延長,
pref,04,01,043,2016,2017,1700,国庫支出金/災害復旧事業費支出金,災害復旧事業費支出金,旧DBと値が一致,
pref,04,01,043,2018,2018,1700,国庫支出金/災害復旧事業費支出金,災害復旧事業費支出金,前年度の同名・同位置から延長,
pref,04,01,043,2019,2019,1670,国庫支出金/公立高等学校授業料不徴収交付金,公立高等学校授業料不徴収交付金,前年度の同名・同位置から延長,
pref,04,01,043,2020,2020,1680,国庫支出金/高等学校等就学支援金交付金,高等学校等就学支援金交付金,前年度の同名・同位置から延長,
pref,04,01,043,2021,2022,1670,国庫支出金/公立高等学校授業料不徴収交付金,公立高等学校授業料不徴収交付金,前年度の同名・同位置から延長,
pref,04,01,043,2023,2023,N_就学支援金_公立分,国庫支出金/高等学校等就学支援金交付金/公立分,公立分,名称と位置から確定（親子は値の合計で検算）,
pref,04,01,043,2024,2024,1680,国庫支出金/高等学校等就学支援金交付金,高等学校等就学支援金交付金,前年度の同名・同位置から延長,
pref,04,01,044,1989,2003,1910,国有提供施設等所在市町村助成交付金,国有提供施設等所在市町村助成交付金,旧DBと値が一致,
pref,04,01,044,2004,2004,1820,国庫支出金/電源立地地域対策交付金,電源立地地域対策交付金,旧DBと値が一致,2002年度以前は「電源立地促進対策等交付金」（2003年度に統合）。1本の系列として扱う
pref,04,01,044,2005,2006,1760,国庫支出金/財政補給金,財政補給金,旧DBと値が一致,
pref,04,01,044,2007,2007,1740,国庫支出金/委託金/災害復旧事業,災害復旧事業,旧DBと値が一致,
pref,04,01,044,2008,2009,1730,国庫支出金/委託金/普通建設事業,普通建設事業,旧DBと値が一致,
pref,04,01,044,2010,2017,1710,国庫支出金/失業対策事業費支出金,失業対策事業費支出金,前後年度の同名・同位置から延長,
pref,04,01,044,2018,2018,1710,国庫支出金/失業対策事業費支出金,失業対策事業費支出金,前年度の同名・同位置から延長,
pref,04,01,044,2019,2019,1680,国庫支出金/高等学校等就学支援金交付金,高等学校等就学支援金交付金,前年度の同名・同位置から延長,
pref,04,01,044,2020,2020,N_就学支援金_公立分,国庫支出金/高等学校等就学支援金交付金/公立分,公立分,名称と位置から確定（親子は値の合計で検算）,
pref,04,01,044,2021,2022,1680,国庫支出金/高等学校等就学支援金交付金,高等学校等就学支援金交付金,前年度の同名・同位置から延長,
pref,04,01,044,2023,2023,N_就学支援金_私立分,国庫支出金/高等学校等就学支援金交付金/私立分,私立分,名称と位置から確定（親子は値の合計で検算）,
pref,04,01,044,2024,2024,N_就学支援金_公立分,国庫支出金/高等学校等就学支援金交付金/公立分,公立分,名称と位置から確定（親子は値の合計で検算）,
pref,04,01,045,1989,2003,2130,財産収入,財産収入,旧DBと値が一致,
pref,04,01,045,2004,2004,1840,国庫支出金/石油貯蔵施設立地対策等交付金,石油貯蔵施設立地対策等交付金,旧DBと値が一致,
pref,04,01,045,2005,2006,1820,国庫支出金/電源立地地域対策交付金,電源立地地域対策交付金,旧DBと値が一致,2002年度以前は「電源立地促進対策等交付金」（2003年度に統合）。1本の系列として扱う
pref,04,01,045,2007,2007,1750,国庫支出金/委託金/その他,その他,旧DBと値が一致,
pref,04,01,045,2008,2009,1740,国庫支出金/委託金/災害復旧事業,災害復旧事業,旧DBと値が一致,
pref,04,01,045,2010,2014,1720,国庫支出金/委託金,委託金,旧DBと値が一致,
pref,04,01,045,2015,2015,1720,国庫支出金/委託金,委託金,前後年度の同名・同位置から延長,
pref,04,01,045,2016,2017,1720,国庫支出金/委託金,委託金,旧DBと値が一致,
pref,04,01,045,2018,2018,1720,国庫支出金/委託金,委託金,前年度の同名・同位置から延長,
pref,04,01,045,2019,2019,N_就学支援金_公立分,国庫支出金/高等学校等就学支援金交付金/公立分,公立分,名称と位置から確定（親子は値の合計で検算）,
pref,04,01,045,2020,2020,N_就学支援金_私立分,国庫支出金/高等学校等就学支援金交付金/私立分,私立分,名称と位置から確定（親子は値の合計で検算）,
pref,04,01,045,2021,2022,N_就学支援金_公立分,国庫支出金/高等学校等就学支援金交付金/公立分,公立分,名称と位置から確定（親子は値の合計で検算）,
pref,04,01,045,2023,2023,1690,国庫支出金/普通建設事業費支出金,普通建設事業費支出金,前年度の同名・同位置から延長,
pref,04,01,045,2024,2024,N_就学支援金_私立分,国庫支出金/高等学校等就学支援金交付金/私立分,私立分,名称と位置から確定（親子は値の合計で検算）,
pref,04,01,046,1989,2003,2140,財産収入/財産運用収入,財産運用収入,旧DBと値が一致,
pref,04,01,046,2004,2004,1900,国庫支出金/その他,その他,旧DBと値が一致,2010〜2017年度は旧DBと「普通建設事業費支出金」の間で約45億円の計上先の違いがある（CSVの値を採用）
pref,04,01,046,2005,2006,1840,国庫支出金/石油貯蔵施設立地対策等交付金,石油貯蔵施設立地対策等交付金,旧DBと値が一致,
pref,04,01,046,2007,2007,1760,国庫支出金/財政補給金,財政補給金,旧DBと値が一致,
pref,04,01,046,2008,2009,1750,国庫支出金/委託金/その他,その他,旧DBと値が一致,
pref,04,01,046,2010,2014,1730,国庫支出金/委託金/普通建設事業,普通建設事業,旧DBと値が一致,
pref,04,01,046,2015,2015,1730,国庫支出金/委託金/普通建設事業,普通建設事業,前後年度の同名・同位置から延長,
pref,04,01,046,2016,2017,1730,国庫支出金/委託金/普通建設事業,普通建設事業,旧DBと値が一致,
pref,04,01,046,2018,2018,1730,国庫支出金/委託金/普通建設事業,普通建設事業,前年度の同名・同位置から延長,
pref,04,01,046,2019,2019,N_就学支援金_私立分,国庫支出金/高等学校等就学支援金交付金/私立分,私立分,名称と位置から確定（親子は値の合計で検算）,
pref,04,01,046,2020,2020,1690,国庫支出金/普通建設事業費支出金,普通建設事業費支出金,前年度の同名・同位置から延長,
pref,04,01,046,2021,2022,N_就学支援金_私立分,国庫支出金/高等学校等就学支援金交付金/私立分,私立分,名称と位置から確定（親子は値の合計で検算）,
pref,04,01,046,2023,2023,1700,国庫支出金/災害復旧事業費支出金,災害復旧事業費支出金,前年度の同名・同位置から延長,
pref,04,01,046,2024,2024,1690,国庫支出金/普通建設事業費支出金,普通建設事業費支出金,前年度の同名・同位置から延長,
pref,04,01,047,1989,2003,2150,財産収入/財産売払収入,財産売払収入,旧DBと値が一致,
pref,04,01,047,2004,2004,1910,国有提供施設等所在市町村助成交付金,国有提供施設等所在市町村助成交付金,旧DBと値が一致,
pref,04,01,047,2005,2006,1900,国庫支出金/その他,その他,旧DBと値が一致,2010〜2017年度は旧DBと「普通建設事業費支出金」の間で約45億円の計上先の違いがある（CSVの値を採用）
pref,04,01,047,2007,2007,1820,国庫支出金/電源立地地域対策交付金,電源立地地域対策交付金,旧DBと値が一致,2002年度以前は「電源立地促進対策等交付金」（2003年度に統合）。1本の系列として扱う
pref,04,01,047,2008,2009,1760,国庫支出金/財政補給金,財政補給金,旧DBと値が一致,
pref,04,01,047,2010,2014,1740,国庫支出金/委託金/災害復旧事業,災害復旧事業,旧DBと値が一致,
pref,04,01,047,2015,2015,1740,国庫支出金/委託金/災害復旧事業,災害復旧事業,前後年度の同名・同位置から延長,
pref,04,01,047,2016,2017,1740,国庫支出金/委託金/災害復旧事業,災害復旧事業,旧DBと値が一致,
pref,04,01,047,2018,2018,1740,国庫支出金/委託金/災害復旧事業,災害復旧事業,前年度の同名・同位置から延長,
pref,04,01,047,2019,2019,1690,国庫支出金/普通建設事業費支出金,普通建設事業費支出金,前年度の同名・同位置から延長,
pref,04,01,047,2020,2020,1700,国庫支出金/災害復旧事業費支出金,災害復旧事業費支出金,前年度の同名・同位置から延長,
pref,04,01,047,2021,2022,1690,国庫支出金/普通建設事業費支出金,普通建設事業費支出金,前年度の同名・同位置から延長,
pref,04,01,047,2023,2023,1710,国庫支出金/失業対策事業費支出金,失業対策事業費支出金,前年度の同名・同位置から延長,
pref,04,01,047,2024,2024,1700,国庫支出金/災害復旧事業費支出金,災害復旧事業費支出金,前年度の同名・同位置から延長,
pref,04,01,048,1989,2003,2160,財産収入/財産売払収入/土地建物,土地建物,旧DBと値が一致,
pref,04,01,048,2004,2004,2130,財産収入,財産収入,旧DBと値が一致,
pref,04,01,048,2005,2006,1910,国有提供施設等所在市町村助成交付金,国有提供施設等所在市町村助成交付金,旧DBと値が一致,
pref,04,01,048,2007,2007,1840,国庫支出金/石油貯蔵施設立地対策等交付金,石油貯蔵施設立地対策等交付金,旧DBと値が一致,
pref,04,01,048,2008,2009,1820,国庫支出金/電源立地地域対策交付金,電源立地地域対策交付金,旧DBと値が一致,2002年度以前は「電源立地促進対策等交付金」（2003年度に統合）。1本の系列として扱う
pref,04,01,048,2010,2014,1750,国庫支出金/委託金/その他,その他,旧DBと値が一致,
pref,04,01,048,2015,2015,1750,国庫支出金/委託金/その他,その他,前後年度の同名・同位置から延長,
pref,04,01,048,2016,2017,1750,国庫支出金/委託金/その他,その他,旧DBと値が一致,
pref,04,01,048,2018,2018,1750,国庫支出金/委託金/その他,その他,前年度の同名・同位置から延長,
pref,04,01,048,2019,2019,1700,国庫支出金/災害復旧事業費支出金,災害復旧事業費支出金,前年度の同名・同位置から延長,
pref,04,01,048,2020,2020,1710,国庫支出金/失業対策事業費支出金,失業対策事業費支出金,前年度の同名・同位置から延長,
pref,04,01,048,2021,2022,1700,国庫支出金/災害復旧事業費支出金,災害復旧事業費支出金,前年度の同名・同位置から延長,
pref,04,01,048,2023,2023,1720,国庫支出金/委託金,委託金,前年度の同名・同位置から延長,
pref,04,01,048,2024,2024,1710,国庫支出金/失業対策事業費支出金,失業対策事業費支出金,前年度の同名・同位置から延長,
pref,04,01,049,1989,2003,2170,財産収入/財産売払収入/立木竹,立木竹,旧DBと値が一致,
pref,04,01,049,2004,2004,2140,財産収入/財産運用収入,財産運用収入,旧DBと値が一致,
pref,04,01,049,2005,2006,2130,財産収入,財産収入,旧DBと値が一致,
pref,04,01,049,2007,2007,1790,国庫支出金/地方道路整備臨時交付金,地方道路整備臨時交付金,旧DBと値が一致,
pref,04,01,049,2008,2009,1840,国庫支出金/石油貯蔵施設立地対策等交付金,石油貯蔵施設立地対策等交付金,旧DBと値が一致,
pref,04,01,049,2010,2014,1760,国庫支出金/財政補給金,財政補給金,旧DBと値が一致,
pref,04,01,049,2015,2015,1760,国庫支出金/財政補給金,財政補給金,前後年度の同名・同位置から延長,
pref,04,01,049,2016,2017,1760,国庫支出金/財政補給金,財政補給金,旧DBと値が一致,
pref,04,01,049,2018,2018,1760,国庫支出金/財政補給金,財政補給金,前年度の同名・同位置から延長,
pref,04,01,049,2019,2019,1710,国庫支出金/失業対策事業費支出金,失業対策事業費支出金,前年度の同名・同位置から延長,
pref,04,01,049,2020,2020,1720,国庫支出金/委託金,委託金,前年度の同名・同位置から延長,
pref,04,01,049,2021,2022,1710,国庫支出金/失業対策事業費支出金,失業対策事業費支出金,前年度の同名・同位置から延長,
pref,04,01,049,2023,2023,1730,国庫支出金/委託金/普通建設事業,普通建設事業,前年度の同名・同位置から延長,
pref,04,01,049,2024,2024,1720,国庫支出金/委託金,委託金,前年度の同名・同位置から延長,
pref,04,01,050,1989,2003,2180,財産収入/財産売払収入/その他,その他,旧DBと値が一致,
pref,04,01,050,2004,2004,2150,財産収入/財産売払収入,財産売払収入,旧DBと値が一致,
pref,04,01,050,2005,2006,2140,財産収入/財産運用収入,財産運用収入,旧DBと値が一致,
pref,04,01,050,2007,2007,1900,国庫支出金/その他,その他,旧DBと値が一致,2010〜2017年度は旧DBと「普通建設事業費支出金」の間で約45億円の計上先の違いがある（CSVの値を採用）
pref,04,01,050,2008,2008,1790,国庫支出金/地方道路整備臨時交付金,地方道路整備臨時交付金,旧DBと値が一致,
pref,04,01,050,2009,2009,1780,国庫支出金/地域活力基盤創造交付金,地域活力基盤創造交付金,旧DBと値が一致,
pref,04,01,050,2010,2014,1820,国庫支出金/電源立地地域対策交付金,電源立地地域対策交付金,旧DBと値が一致,2002年度以前は「電源立地促進対策等交付金」（2003年度に統合）。1本の系列として扱う
pref,04,01,050,2015,2015,1820,国庫支出金/電源立地地域対策交付金,電源立地地域対策交付金,前後年度の同名・同位置から延長,2002年度以前は「電源立地促進対策等交付金」（2003年度に統合）。1本の系列として扱う
pref,04,01,050,2016,2017,1820,国庫支出金/電源立地地域対策交付金,電源立地地域対策交付金,旧DBと値が一致,2002年度以前は「電源立地促進対策等交付金」（2003年度に統合）。1本の系列として扱う
pref,04,01,050,2018,2018,1820,国庫支出金/電源立地地域対策交付金,電源立地地域対策交付金,前年度の同名・同位置から延長,2002年度以前は「電源立地促進対策等交付金」（2003年度に統合）。1本の系列として扱う
pref,04,01,050,2019,2019,1720,国庫支出金/委託金,委託金,前年度の同名・同位置から延長,
pref,04,01,050,2020,2020,1730,国庫支出金/委託金/普通建設事業,普通建設事業,前年度の同名・同位置から延長,
pref,04,01,050,2021,2022,1720,国庫支出金/委託金,委託金,前年度の同名・同位置から延長,
pref,04,01,050,2023,2023,1740,国庫支出金/委託金/災害復旧事業,災害復旧事業,前年度の同名・同位置から延長,
pref,04,01,050,2024,2024,1730,国庫支出金/委託金/普通建設事業,普通建設事業,前年度の同名・同位置から延長,
pref,04,01,051,1989,2003,2190,寄附金,寄附金,旧DBと値が一致,
pref,04,01,051,2004,2004,2160,財産収入/財産売払収入/土地建物,土地建物,旧DBと値が一致,
pref,04,01,051,2005,2006,2150,財産収入/財産売払収入,財産売払収入,旧DBと値が一致,
pref,04,01,051,2007,2007,1910,国有提供施設等所在市町村助成交付金,国有提供施設等所在市町村助成交付金,旧DBと値が一致,
pref,04,01,051,2008,2009,1900,国庫支出金/その他,その他,旧DBと値が一致,2010〜2017年度は旧DBと「普通建設事業費支出金」の間で約45億円の計上先の違いがある（CSVの値を採用）
pref,04,01,051,2010,2014,1840,国庫支出金/石油貯蔵施設立地対策等交付金,石油貯蔵施設立地対策等交付金,旧DBと値が一致,
pref,04,01,051,2015,2015,1840,国庫支出金/石油貯蔵施設立地対策等交付金,石油貯蔵施設立地対策等交付金,前後年度の同名・同位置から延長,
pref,04,01,051,2016,2017,1840,国庫支出金/石油貯蔵施設立地対策等交付金,石油貯蔵施設立地対策等交付金,旧DBと値が一致,
pref,04,01,051,2018,2018,1840,国庫支出金/石油貯蔵施設立地対策等交付金,石油貯蔵施設立地対策等交付金,前年度の同名・同位置から延長,
pref,04,01,051,2019,2019,1730,国庫支出金/委託金/普通建設事業,普通建設事業,前年度の同名・同位置から延長,
pref,04,01,051,2020,2020,1740,国庫支出金/委託金/災害復旧事業,災害復旧事業,前年度の同名・同位置から延長,
pref,04,01,051,2021,2022,1730,国庫支出金/委託金/普通建設事業,普通建設事業,前年度の同名・同位置から延長,
pref,04,01,051,2023,2023,1750,国庫支出金/委託金/その他,その他,前年度の同名・同位置から延長,
pref,04,01,051,2024,2024,1740,国庫支出金/委託金/災害復旧事業,災害復旧事業,前年度の同名・同位置から延長,
pref,04,01,052,1989,2003,2200,寄附金/市町村からのもの,市町村からのもの,旧DBと値が一致,
pref,04,01,052,2004,2004,2170,財産収入/財産売払収入/立木竹,立木竹,旧DBと値が一致,
pref,04,01,052,2005,2006,2160,財産収入/財産売払収入/土地建物,土地建物,旧DBと値が一致,
pref,04,01,052,2007,2007,2130,財産収入,財産収入,旧DBと値が一致,
pref,04,01,052,2008,2009,1910,国有提供施設等所在市町村助成交付金,国有提供施設等所在市町村助成交付金,旧DBと値が一致,
pref,04,01,052,2010,2014,1770,国庫支出金/社会資本整備総合交付金,社会資本整備総合交付金,旧DBと値が一致,
pref,04,01,052,2015,2015,1770,国庫支出金/社会資本整備総合交付金,社会資本整備総合交付金,前後年度の同名・同位置から延長,
pref,04,01,052,2016,2017,1770,国庫支出金/社会資本整備総合交付金,社会資本整備総合交付金,旧DBと値が一致,
pref,04,01,052,2018,2018,1770,国庫支出金/社会資本整備総合交付金,社会資本整備総合交付金,前年度の同名・同位置から延長,
pref,04,01,052,2019,2019,1740,国庫支出金/委託金/災害復旧事業,災害復旧事業,前年度の同名・同位置から延長,
pref,04,01,052,2020,2020,1750,国庫支出金/委託金/その他,その他,前年度の同名・同位置から延長,
pref,04,01,052,2021,2022,1740,国庫支出金/委託金/災害復旧事業,災害復旧事業,前年度の同名・同位置から延長,
pref,04,01,052,2023,2023,1760,国庫支出金/財政補給金,財政補給金,前年度の同名・同位置から延長,
pref,04,01,052,2024,2024,1750,国庫支出金/委託金/その他,その他,前年度の同名・同位置から延長,
pref,04,01,053,1989,2003,2210,寄附金/その他からのもの,その他からのもの,旧DBと値が一致,2018年度から「ふるさと納税」「地方創生応援税制に係る寄附金」「その他」の3つに分かれた（3つの合計が旧「その他からのもの」に相当）
pref,04,01,053,2004,2004,2180,財産収入/財産売払収入/その他,その他,旧DBと値が一致,
pref,04,01,053,2005,2006,2170,財産収入/財産売払収入/立木竹,立木竹,旧DBと値が一致,
pref,04,01,053,2007,2007,2140,財産収入/財産運用収入,財産運用収入,旧DBと値が一致,
pref,04,01,053,2008,2009,2130,財産収入,財産収入,旧DBと値が一致,
pref,04,01,053,2010,2010,1900,国庫支出金/その他,その他,名称と位置から確定（親子は値の合計で検算）,2010〜2017年度は旧DBと「普通建設事業費支出金」の間で約45億円の計上先の違いがある（CSVの値を採用）
pref,04,01,053,2011,2012,1870,国庫支出金/地域自主戦略交付金,地域自主戦略交付金,旧DBと値が一致,
pref,04,01,053,2013,2014,1860,国庫支出金/地域の元気臨時交付金,地域の元気臨時交付金,旧DBと値が一致,
pref,04,01,053,2015,2015,1880,国庫支出金/地域活性化･地域住民生活等緊急支援交付金,地域活性化・地域住民生活等緊急支援交付金,名称と位置から確定（親子は値の合計で検算）,
pref,04,01,053,2016,2017,1881,国庫支出金/地方創生関係交付金,地方創生関係交付金,旧DBと値が一致,
pref,04,01,053,2018,2018,1881,国庫支出金/地方創生関係交付金,地方創生関係交付金,前年度の同名・同位置から延長,
pref,04,01,053,2019,2019,1750,国庫支出金/委託金/その他,その他,前年度の同名・同位置から延長,
pref,04,01,053,2020,2020,1760,国庫支出金/財政補給金,財政補給金,前年度の同名・同位置から延長,
pref,04,01,053,2021,2022,1750,国庫支出金/委託金/その他,その他,前年度の同名・同位置から延長,
pref,04,01,053,2023,2023,1820,国庫支出金/電源立地地域対策交付金,電源立地地域対策交付金,前年度の同名・同位置から延長,2002年度以前は「電源立地促進対策等交付金」（2003年度に統合）。1本の系列として扱う
pref,04,01,053,2024,2024,1760,国庫支出金/財政補給金,財政補給金,前年度の同名・同位置から延長,
pref,04,01,054,1989,2003,2220,繰入金,繰入金,旧DBと値が一致,
pref,04,01,054,2004,2004,2190,寄附金,寄附金,旧DBと値が一致,
pref,04,01,054,2005,2006,2180,財産収入/財産売払収入/その他,その他,旧DBと値が一致,
pref,04,01,054,2007,2007,2150,財産収入/財産売払収入,財産売払収入,旧DBと値が一致,
pref,04,01,054,2008,2009,2140,財産収入/財産運用収入,財産運用収入,旧DBと値が一致,
pref,04,01,054,2010,2010,1910,国有提供施設等所在市町村助成交付金,国有提供施設等所在市町村助成交付金,旧DBと値が一致,
pref,04,01,054,2011,2014,1890,国庫支出金/東日本大震災復興交付金,東日本大震災復興交付金,旧DBと値が一致,
pref,04,01,054,2015,2015,1890,国庫支出金/東日本大震災復興交付金,東日本大震災復興交付金,前後年度の同名・同位置から延長,
pref,04,01,054,2016,2017,1890,国庫支出金/東日本大震災復興交付金,東日本大震災復興交付金,旧DBと値が一致,
pref,04,01,054,2018,2018,1890,国庫支出金/東日本大震災復興交付金,東日本大震災復興交付金,前年度の同名・同位置から延長,
pref,04,01,054,2019,2019,1760,国庫支出金/財政補給金,財政補給金,前年度の同名・同位置から延長,
pref,04,01,054,2020,2020,1820,国庫支出金/電源立地地域対策交付金,電源立地地域対策交付金,前年度の同名・同位置から延長,2002年度以前は「電源立地促進対策等交付金」（2003年度に統合）。1本の系列として扱う
pref,04,01,054,2021,2022,1760,国庫支出金/財政補給金,財政補給金,前年度の同名・同位置から延長,
pref,04,01,054,2023,2023,1840,国庫支出金/石油貯蔵施設立地対策等交付金,石油貯蔵施設立地対策等交付金,前年度の同名・同位置から延長,
pref,04,01,054,2024,2024,1820,国庫支出金/電源立地地域対策交付金,電源立地地域対策交付金,前年度の同名・同位置から延長,2002年度以前は「電源立地促進対策等交付金」（2003年度に統合）。1本の系列として扱う
pref,04,01,055,1989,2003,2230,繰越金,繰越金,旧DBと値が一致,
pref,04,01,055,2004,2004,2200,寄附金/市町村からのもの,市町村からのもの,旧DBと値が一致,
pref,04,01,055,2005,2006,2190,寄附金,寄附金,旧DBと値が一致,
pref,04,01,055,2007,2007,2160,財産収入/財産売払収入/土地建物,土地建物,旧DBと値が一致,
pref,04,01,055,2008,2009,2150,財産収入/財産売払収入,財産売払収入,旧DBと値が一致,
pref,04,01,055,2010,2010,2130,財産収入,財産収入,旧DBと値が一致,
pref,04,01,055,2011,2018,1900,国庫支出金/その他,その他,名称と位置から確定（親子は値の合計で検算）,2010〜2017年度は旧DBと「普通建設事業費支出金」の間で約45億円の計上先の違いがある（CSVの値を採用）
pref,04,01,055,2019,2019,1820,国庫支出金/電源立地地域対策交付金,電源立地地域対策交付金,前年度の同名・同位置から延長,2002年度以前は「電源立地促進対策等交付金」（2003年度に統合）。1本の系列として扱う
pref,04,01,055,2020,2020,1840,国庫支出金/石油貯蔵施設立地対策等交付金,石油貯蔵施設立地対策等交付金,前年度の同名・同位置から延長,
pref,04,01,055,2021,2022,1820,国庫支出金/電源立地地域対策交付金,電源立地地域対策交付金,前年度の同名・同位置から延長,2002年度以前は「電源立地促進対策等交付金」（2003年度に統合）。1本の系列として扱う
pref,04,01,055,2023,2023,1770,国庫支出金/社会資本整備総合交付金,社会資本整備総合交付金,前年度の同名・同位置から延長,
pref,04,01,055,2024,2024,1840,国庫支出金/石油貯蔵施設立地対策等交付金,石油貯蔵施設立地対策等交付金,前年度の同名・同位置から延長,
pref,04,01,056,1989,2003,2240,繰越金/純繰越金,純繰越金,旧DBと値が一致,
pref,04,01,056,2004,2004,2210,寄附金/その他からのもの,その他からのもの,旧DBと値が一致,2018年度から「ふるさと納税」「地方創生応援税制に係る寄附金」「その他」の3つに分かれた（3つの合計が旧「その他からのもの」に相当）
pref,04,01,056,2005,2006,2200,寄附金/市町村からのもの,市町村からのもの,旧DBと値が一致,
pref,04,01,056,2007,2007,2170,財産収入/財産売払収入/立木竹,立木竹,旧DBと値が一致,
pref,04,01,056,2008,2009,2160,財産収入/財産売払収入/土地建物,土地建物,旧DBと値が一致,
pref,04,01,056,2010,2010,2140,財産収入/財産運用収入,財産運用収入,旧DBと値が一致,
pref,04,01,056,2011,2014,1910,国有提供施設等所在市町村助成交付金,国有提供施設等所在市町村助成交付金,旧DBと値が一致,
pref,04,01,056,2015,2015,1910,国有提供施設等所在市町村助成交付金,国有提供施設等所在市町村助成交付金,前後年度の同名・同位置から延長,
pref,04,01,056,2016,2017,1910,国有提供施設等所在市町村助成交付金,国有提供施設等所在市町村助成交付金,旧DBと値が一致,
pref,04,01,056,2018,2018,1910,国有提供施設等所在市町村助成交付金,国有提供施設等所在市町村助成交付金,前年度の同名・同位置から延長,
pref,04,01,056,2019,2019,1840,国庫支出金/石油貯蔵施設立地対策等交付金,石油貯蔵施設立地対策等交付金,前年度の同名・同位置から延長,
pref,04,01,056,2020,2020,1770,国庫支出金/社会資本整備総合交付金,社会資本整備総合交付金,前年度の同名・同位置から延長,
pref,04,01,056,2021,2022,1840,国庫支出金/石油貯蔵施設立地対策等交付金,石油貯蔵施設立地対策等交付金,前年度の同名・同位置から延長,
pref,04,01,056,2023,2023,N026,国庫支出金/デジタル田園都市国家構想交付金,デジタル田園都市国家構想交付金,旧DBにない項目（親子は値の合計で検算）,
pref,04,01,056,2024,2024,1770,国庫支出金/社会資本整備総合交付金,社会資本整備総合交付金,前年度の同名・同位置から延長,
pref,04,01,057,1989,2003,2250,繰越金/繰越事業費等充当財源繰越額,繰越事業費等充当財源繰越額,旧DBと値が一致,
pref,04,01,057,2004,2004,2220,繰入金,繰入金,旧DBと値が一致,
pref,04,01,057,2005,2006,2210,寄附金/その他からのもの,その他からのもの,旧DBと値が一致,2018年度から「ふるさと納税」「地方創生応援税制に係る寄附金」「その他」の3つに分かれた（3つの合計が旧「その他からのもの」に相当）
pref,04,01,057,2007,2007,2180,財産収入/財産売払収入/その他,その他,旧DBと値が一致,
pref,04,01,057,2008,2009,2170,財産収入/財産売払収入/立木竹,立木竹,旧DBと値が一致,
pref,04,01,057,2010,2010,2150,財産収入/財産売払収入,財産売払収入,旧DBと値が一致,
pref,04,01,057,2011,2014,2130,財産収入,財産収入,旧DBと値が一致,
pref,04,01,057,2015,2015,2130,財産収入,財産収入,前後年度の同名・同位置から延長,
pref,04,01,057,2016,2017,2130,財産収入,財産収入,旧DBと値が一致,
pref,04,01,057,2018,2018,2130,財産収入,財産収入,前年度の同名・同位置から延長,
pref,04,01,057,2019,2019,1770,国庫支出金/社会資本整備総合交付金,社会資本整備総合交付金,前年度の同名・同位置から延長,
pref,04,01,057,2020,2020,1881,国庫支出金/地方創生関係交付金,地方創生関係交付金,前年度の同名・同位置から延長,
pref,04,01,057,2021,2022,1770,国庫支出金/社会資本整備総合交付金,社会資本整備総合交付金,前年度の同名・同位置から延長,
pref,04,01,057,2023,2023,N021,国庫支出金/新型コロナウイルス感染症対応地方創生臨時交付金,新型コロナウイルス感染症対応地方創生臨時交付金,旧DBにない項目（親子は値の合計で検算）,
pref,04,01,057,2024,2024,N026,国庫支出金/デジタル田園都市国家構想交付金,デジタル田園都市国家構想交付金,旧DBにない項目（親子は値の合計で検算）,
pref,04,01,058,1989,2003,2260,諸収入,諸収入,旧DBと値が一致,
pref,04,01,058,2004,2004,2230,繰越金,繰越金,旧DBと値が一致,
pref,04,01,058,2005,2006,2220,繰入金,繰入金,旧DBと値が一致,
pref,04,01,058,2007,2007,2190,寄附金,寄附金,旧DBと値が一致,
pref,04,01,058,2008,2009,2180,財産収入/財産売払収入/その他,その他,旧DBと値が一致,
pref,04,01,058,2010,2010,2160,財産収入/財産売払収入/土地建物,土地建物,旧DBと値が一致,
pref,04,01,058,2011,2014,2140,財産収入/財産運用収入,財産運用収入,旧DBと値が一致,
pref,04,01,058,2015,2015,2140,財産収入/財産運用収入,財産運用収入,前後年度の同名・同位置から延長,
pref,04,01,058,2016,2017,2140,財産収入/財産運用収入,財産運用収入,旧DBと値が一致,
pref,04,01,058,2018,2018,2140,財産収入/財産運用収入,財産運用収入,前年度の同名・同位置から延長,
pref,04,01,058,2019,2019,1881,国庫支出金/地方創生関係交付金,地方創生関係交付金,前年度の同名・同位置から延長,
pref,04,01,058,2020,2020,1890,国庫支出金/東日本大震災復興交付金,東日本大震災復興交付金,前年度の同名・同位置から延長,
pref,04,01,058,2021,2022,1881,国庫支出金/地方創生関係交付金,地方創生関係交付金,前年度の同名・同位置から延長,
pref,04,01,058,2023,2023,N_コロナ臨時_物価高騰対応分,国庫支出金/新型コロナウイルス感染症対応地方創生臨時交付金/物価高騰対応分,物価高騰対応分,名称と位置から確定（親子は値の合計で検算）,
pref,04,01,058,2024,2024,N030,国庫支出金/新しい地方経済・生活環境創生交付金,新しい地方経済・生活環境創生交付金,旧DBにない項目（親子は値の合計で検算）,
pref,04,01,059,1989,2003,2270,諸収入/延滞金加算金及び過料,延滞金加算金及び過料,旧DBと値が一致,
pref,04,01,059,2004,2004,2240,繰越金/純繰越金,純繰越金,旧DBと値が一致,
pref,04,01,059,2005,2006,2230,繰越金,繰越金,旧DBと値が一致,
pref,04,01,059,2007,2007,2200,寄附金/市町村からのもの,市町村からのもの,旧DBと値が一致,
pref,04,01,059,2008,2009,2190,寄附金,寄附金,旧DBと値が一致,
pref,04,01,059,2010,2010,2170,財産収入/財産売払収入/立木竹,立木竹,旧DBと値が一致,
pref,04,01,059,2011,2014,2150,財産収入/財産売払収入,財産売払収入,旧DBと値が一致,
pref,04,01,059,2015,2015,2150,財産収入/財産売払収入,財産売払収入,前後年度の同名・同位置から延長,
pref,04,01,059,2016,2017,2150,財産収入/財産売払収入,財産売払収入,旧DBと値が一致,
pref,04,01,059,2018,2018,2150,財産収入/財産売払収入,財産売払収入,前年度の同名・同位置から延長,
pref,04,01,059,2019,2019,1890,国庫支出金/東日本大震災復興交付金,東日本大震災復興交付金,前年度の同名・同位置から延長,
pref,04,01,059,2020,2020,N021,国庫支出金/新型コロナウイルス感染症対応地方創生臨時交付金,新型コロナウイルス感染症対応地方創生臨時交付金,旧DBにない項目（親子は値の合計で検算）,
pref,04,01,059,2021,2021,1890,国庫支出金/東日本大震災復興交付金,東日本大震災復興交付金,前年度の同名・同位置から延長,
pref,04,01,059,2022,2022,N021,国庫支出金/新型コロナウイルス感染症対応地方創生臨時交付金,新型コロナウイルス感染症対応地方創生臨時交付金,旧DBにない項目（親子は値の合計で検算）,
pref,04,01,059,2023,2023,N_コロナ臨時_その他,国庫支出金/新型コロナウイルス感染症対応地方創生臨時交付金/その他,その他,名称と位置から確定（親子は値の合計で検算）,
pref,04,01,059,2024,2024,N021,国庫支出金/新型コロナウイルス感染症対応地方創生臨時交付金,新型コロナウイルス感染症対応地方創生臨時交付金,旧DBにない項目（親子は値の合計で検算）,
pref,04,01,060,1989,2003,2280,諸収入/預金利子,預金利子,旧DBと値が一致,
pref,04,01,060,2004,2004,2250,繰越金/繰越事業費等充当財源繰越額,繰越事業費等充当財源繰越額,旧DBと値が一致,
pref,04,01,060,2005,2006,2240,繰越金/純繰越金,純繰越金,旧DBと値が一致,
pref,04,01,060,2007,2007,2210,寄附金/その他からのもの,その他からのもの,旧DBと値が一致,2018年度から「ふるさと納税」「地方創生応援税制に係る寄附金」「その他」の3つに分かれた（3つの合計が旧「その他からのもの」に相当）
pref,04,01,060,2008,2009,2200,寄附金/市町村からのもの,市町村からのもの,旧DBと値が一致,
pref,04,01,060,2010,2010,2180,財産収入/財産売払収入/その他,その他,旧DBと値が一致,
pref,04,01,060,2011,2014,2160,財産収入/財産売払収入/土地建物,土地建物,旧DBと値が一致,
pref,04,01,060,2015,2015,2160,財産収入/財産売払収入/土地建物,土地建物,前後年度の同名・同位置から延長,
pref,04,01,060,2016,2017,2160,財産収入/財産売払収入/土地建物,土地建物,旧DBと値が一致,
pref,04,01,060,2018,2018,2160,財産収入/財産売払収入/土地建物,土地建物,前年度の同名・同位置から延長,
pref,04,01,060,2019,2019,1900,国庫支出金/その他,その他,名称と位置から確定（親子は値の合計で検算）,2010〜2017年度は旧DBと「普通建設事業費支出金」の間で約45億円の計上先の違いがある（CSVの値を採用）
pref,04,01,060,2020,2020,N022,国庫支出金/新型コロナウイルス感染症緊急包括支援交付金,新型コロナウイルス感染症緊急包括支援交付金,旧DBにない項目（親子は値の合計で検算）,
pref,04,01,060,2021,2021,N021,国庫支出金/新型コロナウイルス感染症対応地方創生臨時交付金,新型コロナウイルス感染症対応地方創生臨時交付金,旧DBにない項目（親子は値の合計で検算）,
pref,04,01,060,2022,2022,N_コロナ臨時_物価高騰対応分,国庫支出金/新型コロナウイルス感染症対応地方創生臨時交付金/物価高騰対応分,物価高騰対応分,名称と位置から確定（親子は値の合計で検算）,
pref,04,01,060,2023,2023,N027,国庫支出金/物価高騰対応重点支援地方創生臨時交付金,物価高騰対応重点支援地方創生臨時交付金,旧DBにない項目（親子は値の合計で検算）,
pref,04,01,060,2024,2024,N_コロナ臨時_物価高騰対応分,国庫支出金/新型コロナウイルス感染症対応地方創生臨時交付金/物価高騰対応分,物価高騰対応分,名称と位置から確定（親子は値の合計で検算）,
pref,04,01,061,1989,2003,2290,諸収入/公営企業貸付金元利収入,公営企業貸付金元利収入,旧DBと値が一致,
pref,04,01,061,2004,2004,2260,諸収入,諸収入,旧DBと値が一致,
pref,04,01,061,2005,2006,2250,繰越金/繰越事業費等充当財源繰越額,繰越事業費等充当財源繰越額,旧DBと値が一致,
pref,04,01,061,2007,2007,2220,繰入金,繰入金,旧DBと値が一致,
pref,04,01,061,2008,2009,2210,寄附金/その他からのもの,その他からのもの,旧DBと値が一致,2018年度から「ふるさと納税」「地方創生応援税制に係る寄附金」「その他」の3つに分かれた（3つの合計が旧「その他からのもの」に相当）
pref,04,01,061,2010,2010,2190,寄附金,寄附金,旧DBと値が一致,
pref,04,01,061,2011,2014,2170,財産収入/財産売払収入/立木竹,立木竹,旧DBと値が一致,
pref,04,01,061,2015,2015,2170,財産収入/財産売払収入/立木竹,立木竹,前後年度の同名・同位置から延長,
pref,04,01,061,2016,2017,2170,財産収入/財産売払収入/立木竹,立木竹,旧DBと値が一致,
pref,04,01,061,2018,2018,2170,財産収入/財産売払収入/立木竹,立木竹,前年度の同名・同位置から延長,
pref,04,01,061,2019,2019,1910,国有提供施設等所在市町村助成交付金,国有提供施設等所在市町村助成交付金,前年度の同名・同位置から延長,
pref,04,01,061,2020,2020,N023,国庫支出金/その他新型コロナウイルス感染症対策関係交付金等,その他新型コロナウイルス感染症対策関係交付金等,旧DBにない項目（親子は値の合計で検算）,
pref,04,01,061,2021,2021,N022,国庫支出金/新型コロナウイルス感染症緊急包括支援交付金,新型コロナウイルス感染症緊急包括支援交付金,旧DBにない項目（親子は値の合計で検算）,
pref,04,01,061,2022,2022,N_コロナ臨時_その他,国庫支出金/新型コロナウイルス感染症対応地方創生臨時交付金/その他,その他,名称と位置から確定（親子は値の合計で検算）,
pref,04,01,061,2023,2023,N022,国庫支出金/新型コロナウイルス感染症緊急包括支援交付金,新型コロナウイルス感染症緊急包括支援交付金,旧DBにない項目（親子は値の合計で検算）,
pref,04,01,061,2024,2024,N_コロナ臨時_その他,国庫支出金/新型コロナウイルス感染症対応地方創生臨時交付金/その他,その他,名称と位置から確定（親子は値の合計で検算）,
pref,04,01,062,1989,2003,2300,諸収入/貸付金元利収入,貸付金元利収入,旧DBと値が一致,
pref,04,01,062,2004,2004,2270,諸収入/延滞金加算金及び過料,延滞金加算金及び過料,旧DBと値が一致,
pref,04,01,062,2005,2006,2260,諸収入,諸収入,旧DBと値が一致,
pref,04,01,062,2007,2007,2230,繰越金,繰越金,旧DBと値が一致,
pref,04,01,062,2008,2009,2220,繰入金,繰入金,旧DBと値が一致,
pref,04,01,062,2010,2010,2200,寄附金/市町村からのもの,市町村からのもの,旧DBと値が一致,
pref,04,01,062,2011,2014,2180,財産収入/財産売払収入/その他,その他,旧DBと値が一致,
pref,04,01,062,2015,2015,2180,財産収入/財産売払収入/その他,その他,前後年度の同名・同位置から延長,
pref,04,01,062,2016,2017,2180,財産収入/財産売払収入/その他,その他,旧DBと値が一致,
pref,04,01,062,2018,2018,2180,財産収入/財産売払収入/その他,その他,前年度の同名・同位置から延長,
pref,04,01,062,2019,2019,2130,財産収入,財産収入,前年度の同名・同位置から延長,
pref,04,01,062,2020,2020,1900,国庫支出金/その他,その他,名称と位置から確定（親子は値の合計で検算）,2010〜2017年度は旧DBと「普通建設事業費支出金」の間で約45億円の計上先の違いがある（CSVの値を採用）
pref,04,01,062,2021,2021,N023,国庫支出金/その他新型コロナウイルス感染症対策関係交付金等,その他新型コロナウイルス感染症対策関係交付金等,旧DBにない項目（親子は値の合計で検算）,
pref,04,01,062,2022,2022,N022,国庫支出金/新型コロナウイルス感染症緊急包括支援交付金,新型コロナウイルス感染症緊急包括支援交付金,旧DBにない項目（親子は値の合計で検算）,
pref,04,01,062,2023,2023,N023,国庫支出金/その他新型コロナウイルス感染症対策関係交付金等,その他新型コロナウイルス感染症対策関係交付金等,旧DBにない項目（親子は値の合計で検算）,
pref,04,01,062,2024,2024,N027,国庫支出金/物価高騰対応重点支援地方創生臨時交付金,物価高騰対応重点支援地方創生臨時交付金,旧DBにない項目（親子は値の合計で検算）,
pref,04,01,063,1989,2003,2310,諸収入/貸付金元利収入/市町村からのもの,市町村からのもの,旧DBと値が一致,
pref,04,01,063,2004,2004,2280,諸収入/預金利子,預金利子,旧DBと値が一致,
pref,04,01,063,2005,2006,2270,諸収入/延滞金加算金及び過料,延滞金加算金及び過料,旧DBと値が一致,
pref,04,01,063,2007,2007,2240,繰越金/純繰越金,純繰越金,旧DBと値が一致,
pref,04,01,063,2008,2009,2230,繰越金,繰越金,旧DBと値が一致,
pref,04,01,063,2010,2010,2210,寄附金/その他からのもの,その他からのもの,旧DBと値が一致,2018年度から「ふるさと納税」「地方創生応援税制に係る寄附金」「その他」の3つに分かれた（3つの合計が旧「その他からのもの」に相当）
pref,04,01,063,2011,2014,2190,寄附金,寄附金,旧DBと値が一致,
pref,04,01,063,2015,2015,2190,寄附金,寄附金,前後年度の同名・同位置から延長,
pref,04,01,063,2016,2017,2190,寄附金,寄附金,旧DBと値が一致,
pref,04,01,063,2018,2018,2190,寄附金,寄附金,前年度の同名・同位置から延長,
pref,04,01,063,2019,2019,2140,財産収入/財産運用収入,財産運用収入,前年度の同名・同位置から延長,
pref,04,01,063,2020,2020,1910,国有提供施設等所在市町村助成交付金,国有提供施設等所在市町村助成交付金,前年度の同名・同位置から延長,
pref,04,01,063,2021,2021,1900,国庫支出金/その他,その他,名称と位置から確定（親子は値の合計で検算）,2010〜2017年度は旧DBと「普通建設事業費支出金」の間で約45億円の計上先の違いがある（CSVの値を採用）
pref,04,01,063,2022,2022,N023,国庫支出金/その他新型コロナウイルス感染症対策関係交付金等,その他新型コロナウイルス感染症対策関係交付金等,旧DBにない項目（親子は値の合計で検算）,
pref,04,01,063,2023,2023,1900,国庫支出金/その他,その他,名称と位置から確定（親子は値の合計で検算）,2010〜2017年度は旧DBと「普通建設事業費支出金」の間で約45億円の計上先の違いがある（CSVの値を採用）
pref,04,01,063,2024,2024,N022,国庫支出金/新型コロナウイルス感染症緊急包括支援交付金,新型コロナウイルス感染症緊急包括支援交付金,旧DBにない項目（親子は値の合計で検算）,
pref,04,01,064,1989,2003,2320,諸収入/貸付金元利収入/その他からのもの,その他からのもの,旧DBと値が一致,
pref,04,01,064,2004,2004,2290,諸収入/公営企業貸付金元利収入,公営企業貸付金元利収入,旧DBと値が一致,
pref,04,01,064,2005,2006,2280,諸収入/預金利子,預金利子,旧DBと値が一致,
pref,04,01,064,2007,2007,2250,繰越金/繰越事業費等充当財源繰越額,繰越事業費等充当財源繰越額,旧DBと値が一致,
pref,04,01,064,2008,2009,2240,繰越金/純繰越金,純繰越金,旧DBと値が一致,
pref,04,01,064,2010,2010,2220,繰入金,繰入金,旧DBと値が一致,
pref,04,01,064,2011,2014,2200,寄附金/市町村からのもの,市町村からのもの,旧DBと値が一致,
pref,04,01,064,2015,2015,2200,寄附金/市町村からのもの,市町村からのもの,前後年度の同名・同位置から延長,
pref,04,01,064,2016,2017,2200,寄附金/市町村からのもの,市町村からのもの,旧DBと値が一致,
pref,04,01,064,2018,2018,2200,寄附金/市町村からのもの,市町村からのもの,前年度の同名・同位置から延長,
pref,04,01,064,2019,2019,2150,財産収入/財産売払収入,財産売払収入,前年度の同名・同位置から延長,
pref,04,01,064,2020,2020,2130,財産収入,財産収入,前年度の同名・同位置から延長,
pref,04,01,064,2021,2021,1910,国有提供施設等所在市町村助成交付金,国有提供施設等所在市町村助成交付金,前年度の同名・同位置から延長,
pref,04,01,064,2022,2022,1900,国庫支出金/その他,その他,名称と位置から確定（親子は値の合計で検算）,2010〜2017年度は旧DBと「普通建設事業費支出金」の間で約45億円の計上先の違いがある（CSVの値を採用）
pref,04,01,064,2023,2023,1910,国有提供施設等所在市町村助成交付金,国有提供施設等所在市町村助成交付金,前年度の同名・同位置から延長,
pref,04,01,064,2024,2024,N023,国庫支出金/その他新型コロナウイルス感染症対策関係交付金等,その他新型コロナウイルス感染症対策関係交付金等,旧DBにない項目（親子は値の合計で検算）,
pref,04,01,065,1989,2003,2330,諸収入/受託事業収入,受託事業収入,旧DBと値が一致,
pref,04,01,065,2004,2004,2300,諸収入/貸付金元利収入,貸付金元利収入,旧DBと値が一致,
pref,04,01,065,2005,2006,2290,諸収入/公営企業貸付金元利収入,公営企業貸付金元利収入,旧DBと値が一致,
pref,04,01,065,2007,2007,2260,諸収入,諸収入,旧DBと値が一致,
pref,04,01,065,2008,2009,2250,繰越金/繰越事業費等充当財源繰越額,繰越事業費等充当財源繰越額,旧DBと値が一致,
pref,04,01,065,2010,2010,2230,繰越金,繰越金,旧DBと値が一致,
pref,04,01,065,2011,2014,2210,寄附金/その他からのもの,その他からのもの,旧DBと値が一致,2018年度から「ふるさと納税」「地方創生応援税制に係る寄附金」「その他」の3つに分かれた（3つの合計が旧「その他からのもの」に相当）
pref,04,01,065,2015,2015,2210,寄附金/その他からのもの,その他からのもの,前後年度の同名・同位置から延長,2018年度から「ふるさと納税」「地方創生応援税制に係る寄附金」「その他」の3つに分かれた（3つの合計が旧「その他からのもの」に相当）
pref,04,01,065,2016,2017,2210,寄附金/その他からのもの,その他からのもの,旧DBと値が一致,2018年度から「ふるさと納税」「地方創生応援税制に係る寄附金」「その他」の3つに分かれた（3つの合計が旧「その他からのもの」に相当）
pref,04,01,065,2018,2018,N_寄附金_ふるさと納税,寄附金/ふるさと納税,ふるさと納税,名称と位置から確定（親子は値の合計で検算）,
pref,04,01,065,2019,2019,2160,財産収入/財産売払収入/土地建物,土地建物,前年度の同名・同位置から延長,
pref,04,01,065,2020,2020,2140,財産収入/財産運用収入,財産運用収入,前年度の同名・同位置から延長,
pref,04,01,065,2021,2021,2130,財産収入,財産収入,前年度の同名・同位置から延長,
pref,04,01,065,2022,2022,1910,国有提供施設等所在市町村助成交付金,国有提供施設等所在市町村助成交付金,前年度の同名・同位置から延長,
pref,04,01,065,2023,2023,2130,財産収入,財産収入,前年度の同名・同位置から延長,
pref,04,01,065,2024,2024,1900,国庫支出金/その他,その他,名称と位置から確定（親子は値の合計で検算）,2010〜2017年度は旧DBと「普通建設事業費支出金」の間で約45億円の計上先の違いがある（CSVの値を採用）
pref,04,01,066,1989,2003,2340,諸収入/受託事業収入/同級他団体からのもの,同級他団体からのもの,旧DBと値が一致,
pref,04,01,066,2004,2004,2310,諸収入/貸付金元利収入/市町村からのもの,市町村からのもの,旧DBと値が一致,
pref,04,01,066,2005,2006,2300,諸収入/貸付金元利収入,貸付金元利収入,旧DBと値が一致,
pref,04,01,066,2007,2007,2270,諸収入/延滞金加算金及び過料,延滞金加算金及び過料,旧DBと値が一致,
pref,04,01,066,2008,2009,2260,諸収入,諸収入,旧DBと値が一致,
pref,04,01,066,2010,2010,2240,繰越金/純繰越金,純繰越金,旧DBと値が一致,
pref,04,01,066,2011,2014,2220,繰入金,繰入金,旧DBと値が一致,
pref,04,01,066,2015,2015,2220,繰入金,繰入金,前後年度の同名・同位置から延長,
pref,04,01,066,2016,2017,2220,繰入金,繰入金,旧DBと値が一致,
pref,04,01,066,2018,2018,N_寄附金_地方創生応援税制に係る寄附金,寄附金/地方創生応援税制に係る寄附金,地方創生応援税制に係る寄附金,名称と位置から確定（親子は値の合計で検算）,
pref,04,01,066,2019,2019,2170,財産収入/財産売払収入/立木竹,立木竹,前年度の同名・同位置から延長,
pref,04,01,066,2020,2020,2150,財産収入/財産売払収入,財産売払収入,前年度の同名・同位置から延長,
pref,04,01,066,2021,2021,2140,財産収入/財産運用収入,財産運用収入,前年度の同名・同位置から延長,
pref,04,01,066,2022,2022,2130,財産収入,財産収入,前年度の同名・同位置から延長,
pref,04,01,066,2023,2023,2140,財産収入/財産運用収入,財産運用収入,前年度の同名・同位置から延長,
pref,04,01,066,2024,2024,1910,国有提供施設等所在市町村助成交付金,国有提供施設等所在市町村助成交付金,前年度の同名・同位置から延長,
pref,04,01,067,1989,2003,2350,諸収入/受託事業収入/市町村からのもの,市町村からのもの,旧DBと値が一致,
pref,04,01,067,2004,2004,2320,諸収入/貸付金元利収入/その他からのもの,その他からのもの,旧DBと値が一致,
pref,04,01,067,2005,2006,2310,諸収入/貸付金元利収入/市町村からのもの,市町村からのもの,旧DBと値が一致,
pref,04,01,067,2007,2007,2280,諸収入/預金利子,預金利子,旧DBと値が一致,
pref,04,01,067,2008,2009,2270,諸収入/延滞金加算金及び過料,延滞金加算金及び過料,旧DBと値が一致,
pref,04,01,067,2010,2010,2250,繰越金/繰越事業費等充当財源繰越額,繰越事業費等充当財源繰越額,旧DBと値が一致,
pref,04,01,067,2011,2014,2230,繰越金,繰越金,旧DBと値が一致,
pref,04,01,067,2015,2015,2230,繰越金,繰越金,前後年度の同名・同位置から延長,
pref,04,01,067,2016,2017,2230,繰越金,繰越金,旧DBと値が一致,
pref,04,01,067,2018,2018,N_寄附金_その他,寄附金/その他,その他,名称と位置から確定（親子は値の合計で検算）,
pref,04,01,067,2019,2019,2180,財産収入/財産売払収入/その他,その他,前年度の同名・同位置から延長,
pref,04,01,067,2020,2020,2160,財産収入/財産売払収入/土地建物,土地建物,前年度の同名・同位置から延長,
pref,04,01,067,2021,2021,2150,財産収入/財産売払収入,財産売払収入,前年度の同名・同位置から延長,
pref,04,01,067,2022,2022,2140,財産収入/財産運用収入,財産運用収入,前年度の同名・同位置から延長,
pref,04,01,067,2023,2023,2150,財産収入/財産売払収入,財産売払収入,前年度の同名・同位置から延長,
pref,04,01,067,2024,2024,2130,財産収入,財産収入,前年度の同名・同位置から延長,
pref,04,01,068,1989,2003,2360,諸収入/受託事業収入/民間からのもの,民間からのもの,旧DBと値が一致,
pref,04,01,068,2004,2004,2330,諸収入/受託事業収入,受託事業収入,旧DBと値が一致,
pref,04,01,068,2005,2006,2320,諸収入/貸付金元利収入/その他からのもの,その他からのもの,旧DBと値が一致,
pref,04,01,068,2007,2007,2290,諸収入/公営企業貸付金元利収入,公営企業貸付金元利収入,旧DBと値が一致,
pref,04,01,068,2008,2009,2280,諸収入/預金利子,預金利子,旧DBと値が一致,
pref,04,01,068,2010,2010,2260,諸収入,諸収入,旧DBと値が一致,
pref,04,01,068,2011,2014,2240,繰越金/純繰越金,純繰越金,旧DBと値が一致,
pref,04,01,068,2015,2015,2240,繰越金/純繰越金,純繰越金,前後年度の同名・同位置から延長,
pref,04,01,068,2016,2017,2240,繰越金/純繰越金,純繰越金,旧DBと値が一致,
pref,04,01,068,2018,2018,2220,繰入金,繰入金,前年度の同名・同位置から延長,
pref,04,01,068,2019,2019,2190,寄附金,寄附金,前年度の同名・同位置から延長,
pref,04,01,068,2020,2020,2170,財産収入/財産売払収入/立木竹,立木竹,前年度の同名・同位置から延長,
pref,04,01,068,2021,2021,2160,財産収入/財産売払収入/土地建物,土地建物,前年度の同名・同位置から延長,
pref,04,01,068,2022,2022,2150,財産収入/財産売払収入,財産売払収入,前年度の同名・同位置から延長,
pref,04,01,068,2023,2023,2160,財産収入/財産売払収入/土地建物,土地建物,前年度の同名・同位置から延長,
pref,04,01,068,2024,2024,2140,財産収入/財産運用収入,財産運用収入,前年度の同名・同位置から延長,
pref,04,01,069,2004,2004,2340,諸収入/受託事業収入/同級他団体からのもの,同級他団体からのもの,旧DBと値が一致,
pref,04,01,069,2005,2006,2330,諸収入/受託事業収入,受託事業収入,旧DBと値が一致,
pref,04,01,069,2007,2007,2300,諸収入/貸付金元利収入,貸付金元利収入,旧DBと値が一致,
pref,04,01,069,2008,2009,2290,諸収入/公営企業貸付金元利収入,公営企業貸付金元利収入,旧DBと値が一致,
pref,04,01,069,2010,2010,2270,諸収入/延滞金加算金及び過料,延滞金加算金及び過料,旧DBと値が一致,
pref,04,01,069,2011,2014,2250,繰越金/繰越事業費等充当財源繰越額,繰越事業費等充当財源繰越額,旧DBと値が一致,
pref,04,01,069,2015,2015,2250,繰越金/繰越事業費等充当財源繰越額,繰越事業費等充当財源繰越額,前後年度の同名・同位置から延長,
pref,04,01,069,2016,2017,2250,繰越金/繰越事業費等充当財源繰越額,繰越事業費等充当財源繰越額,旧DBと値が一致,
pref,04,01,069,2018,2018,2230,繰越金,繰越金,前年度の同名・同位置から延長,
pref,04,01,069,2019,2019,2200,寄附金/市町村からのもの,市町村からのもの,前年度の同名・同位置から延長,
pref,04,01,069,2020,2020,2180,財産収入/財産売払収入/その他,その他,前年度の同名・同位置から延長,
pref,04,01,069,2021,2021,2170,財産収入/財産売払収入/立木竹,立木竹,前年度の同名・同位置から延長,
pref,04,01,069,2022,2022,2160,財産収入/財産売払収入/土地建物,土地建物,前年度の同名・同位置から延長,
pref,04,01,069,2023,2023,2170,財産収入/財産売払収入/立木竹,立木竹,前年度の同名・同位置から延長,
pref,04,01,069,2024,2024,2150,財産収入/財産売払収入,財産売払収入,前年度の同名・同位置から延長,
pref,04,01,070,2004,2004,2350,諸収入/受託事業収入/市町村からのもの,市町村からのもの,旧DBと値が一致,
pref,04,01,070,2005,2006,2340,諸収入/受託事業収入/同級他団体からのもの,同級他団体からのもの,旧DBと値が一致,
pref,04,01,070,2007,2007,2310,諸収入/貸付金元利収入/市町村からのもの,市町村からのもの,旧DBと値が一致,
pref,04,01,070,2008,2009,2300,諸収入/貸付金元利収入,貸付金元利収入,旧DBと値が一致,
pref,04,01,070,2010,2010,2280,諸収入/預金利子,預金利子,旧DBと値が一致,
pref,04,01,070,2011,2014,2260,諸収入,諸収入,旧DBと値が一致,
pref,04,01,070,2015,2015,2260,諸収入,諸収入,前後年度の同名・同位置から延長,
pref,04,01,070,2016,2017,2260,諸収入,諸収入,旧DBと値が一致,
pref,04,01,070,2018,2018,2240,繰越金/純繰越金,純繰越金,前年度の同名・同位置から延長,
pref,04,01,070,2019,2019,N_寄附金_ふるさと納税,寄附金/ふるさと納税,ふるさと納税,名称と位置から確定（親子は値の合計で検算）,
pref,04,01,070,2020,2020,2190,寄附金,寄附金,前年度の同名・同位置から延長,
pref,04,01,070,2021,2021,2180,財産収入/財産売払収入/その他,その他,前年度の同名・同位置から延長,
pref,04,01,070,2022,2022,2170,財産収入/財産売払収入/立木竹,立木竹,前年度の同名・同位置から延長,
pref,04,01,070,2023,2023,2180,財産収入/財産売払収入/その他,その他,前年度の同名・同位置から延長,
pref,04,01,070,2024,2024,2160,財産収入/財産売払収入/土地建物,土地建物,前年度の同名・同位置から延長,
pref,04,01,071,2004,2004,2360,諸収入/受託事業収入/民間からのもの,民間からのもの,旧DBと値が一致,
pref,04,01,071,2005,2006,2350,諸収入/受託事業収入/市町村からのもの,市町村からのもの,旧DBと値が一致,
pref,04,01,071,2007,2007,2320,諸収入/貸付金元利収入/その他からのもの,その他からのもの,旧DBと値が一致,
pref,04,01,071,2008,2009,2310,諸収入/貸付金元利収入/市町村からのもの,市町村からのもの,旧DBと値が一致,
pref,04,01,071,2010,2010,2290,諸収入/公営企業貸付金元利収入,公営企業貸付金元利収入,旧DBと値が一致,
pref,04,01,071,2011,2014,2270,諸収入/延滞金加算金及び過料,延滞金加算金及び過料,旧DBと値が一致,
pref,04,01,071,2015,2015,2270,諸収入/延滞金加算金及び過料,延滞金加算金及び過料,前後年度の同名・同位置から延長,
pref,04,01,071,2016,2017,2270,諸収入/延滞金加算金及び過料,延滞金加算金及び過料,旧DBと値が一致,
pref,04,01,071,2018,2018,2250,繰越金/繰越事業費等充当財源繰越額,繰越事業費等充当財源繰越額,前年度の同名・同位置から延長,
pref,04,01,071,2019,2019,N_寄附金_地方創生応援税制に係る寄附金,寄附金/地方創生応援税制に係る寄附金,地方創生応援税制に係る寄附金,名称と位置から確定（親子は値の合計で検算）,
pref,04,01,071,2020,2020,2200,寄附金/市町村からのもの,市町村からのもの,前年度の同名・同位置から延長,
pref,04,01,071,2021,2021,2190,寄附金,寄附金,前年度の同名・同位置から延長,
pref,04,01,071,2022,2022,2180,財産収入/財産売払収入/その他,その他,前年度の同名・同位置から延長,
pref,04,01,071,2023,2023,2190,寄附金,寄附金,前年度の同名・同位置から延長,
pref,04,01,071,2024,2024,2170,財産収入/財産売払収入/立木竹,立木竹,前年度の同名・同位置から延長,
pref,04,01,072,2005,2006,2360,諸収入/受託事業収入/民間からのもの,民間からのもの,旧DBと値が一致,
pref,04,01,072,2007,2007,2330,諸収入/受託事業収入,受託事業収入,旧DBと値が一致,
pref,04,01,072,2008,2009,2320,諸収入/貸付金元利収入/その他からのもの,その他からのもの,旧DBと値が一致,
pref,04,01,072,2010,2010,2300,諸収入/貸付金元利収入,貸付金元利収入,旧DBと値が一致,
pref,04,01,072,2011,2014,2280,諸収入/預金利子,預金利子,旧DBと値が一致,
pref,04,01,072,2015,2015,2280,諸収入/預金利子,預金利子,前後年度の同名・同位置から延長,
pref,04,01,072,2016,2017,2280,諸収入/預金利子,預金利子,旧DBと値が一致,
pref,04,01,072,2018,2018,2260,諸収入,諸収入,前年度の同名・同位置から延長,
pref,04,01,072,2019,2019,N_寄附金_その他,寄附金/その他,その他,名称と位置から確定（親子は値の合計で検算）,
pref,04,01,072,2020,2020,N_寄附金_ふるさと納税,寄附金/ふるさと納税,ふるさと納税,名称と位置から確定（親子は値の合計で検算）,
pref,04,01,072,2021,2021,2200,寄附金/市町村からのもの,市町村からのもの,前年度の同名・同位置から延長,
pref,04,01,072,2022,2022,2190,寄附金,寄附金,前年度の同名・同位置から延長,
pref,04,01,072,2023,2023,2200,寄附金/市町村からのもの,市町村からのもの,前年度の同名・同位置から延長,
pref,04,01,072,2024,2024,2180,財産収入/財産売払収入/その他,その他,前年度の同名・同位置から延長,
pref,04,01,073,2007,2007,2340,諸収入/受託事業収入/同級他団体からのもの,同級他団体からのもの,旧DBと値が一致,
pref,04,01,073,2008,2009,2330,諸収入/受託事業収入,受託事業収入,旧DBと値が一致,
pref,04,01,073,2010,2010,2310,諸収入/貸付金元利収入/市町村からのもの,市町村からのもの,旧DBと値が一致,
pref,04,01,073,2011,2014,2290,諸収入/公営企業貸付金元利収入,公営企業貸付金元利収入,旧DBと値が一致,
pref,04,01,073,2015,2015,2290,諸収入/公営企業貸付金元利収入,公営企業貸付金元利収入,前後年度の同名・同位置から延長,
pref,04,01,073,2016,2017,2290,諸収入/公営企業貸付金元利収入,公営企業貸付金元利収入,旧DBと値が一致,
pref,04,01,073,2018,2018,2270,諸収入/延滞金加算金及び過料,延滞金加算金及び過料,前年度の同名・同位置から延長,
pref,04,01,073,2019,2019,2220,繰入金,繰入金,前年度の同名・同位置から延長,
pref,04,01,073,2020,2020,N_寄附金_地方創生応援税制に係る寄附金,寄附金/地方創生応援税制に係る寄附金,地方創生応援税制に係る寄附金,名称と位置から確定（親子は値の合計で検算）,
pref,04,01,073,2021,2021,N_寄附金_ふるさと納税,寄附金/ふるさと納税,ふるさと納税,名称と位置から確定（親子は値の合計で検算）,
pref,04,01,073,2022,2022,2200,寄附金/市町村からのもの,市町村からのもの,前年度の同名・同位置から延長,
pref,04,01,073,2023,2023,N_寄附金_ふるさと納税,寄附金/ふるさと納税,ふるさと納税,名称と位置から確定（親子は値の合計で検算）,
pref,04,01,073,2024,2024,2190,寄附金,寄附金,前年度の同名・同位置から延長,
pref,04,01,074,2007,2007,2350,諸収入/受託事業収入/市町村からのもの,市町村からのもの,旧DBと値が一致,
pref,04,01,074,2008,2009,2340,諸収入/受託事業収入/同級他団体からのもの,同級他団体からのもの,旧DBと値が一致,
pref,04,01,074,2010,2010,2320,諸収入/貸付金元利収入/その他からのもの,その他からのもの,旧DBと値が一致,
pref,04,01,074,2011,2014,2300,諸収入/貸付金元利収入,貸付金元利収入,旧DBと値が一致,
pref,04,01,074,2015,2015,2300,諸収入/貸付金元利収入,貸付金元利収入,前後年度の同名・同位置から延長,
pref,04,01,074,2016,2017,2300,諸収入/貸付金元利収入,貸付金元利収入,旧DBと値が一致,
pref,04,01,074,2018,2018,2280,諸収入/預金利子,預金利子,前年度の同名・同位置から延長,
pref,04,01,074,2019,2019,2230,繰越金,繰越金,前年度の同名・同位置から延長,
pref,04,01,074,2020,2020,N_寄附金_その他,寄附金/その他,その他,名称と位置から確定（親子は値の合計で検算）,
pref,04,01,074,2021,2021,N_寄附金_地方創生応援税制に係る寄附金,寄附金/地方創生応援税制に係る寄附金,地方創生応援税制に係る寄附金,名称と位置から確定（親子は値の合計で検算）,
pref,04,01,074,2022,2022,N_寄附金_ふるさと納税,寄附金/ふるさと納税,ふるさと納税,名称と位置から確定（親子は値の合計で検算）,
pref,04,01,074,2023,2023,N_寄附金_地方創生応援税制に係る寄附金,寄附金/地方創生応援税制に係る寄附金,地方創生応援税制に係る寄附金,名称と位置から確定（親子は値の合計で検算）,
pref,04,01,074,2024,2024,2200,寄附金/市町村からのもの,市町村からのもの,前年度の同名・同位置から延長,
pref,04,01,075,2007,2007,2360,諸収入/受託事業収入/民間からのもの,民間からのもの,旧DBと値が一致,
pref,04,01,075,2008,2009,2350,諸収入/受託事業収入/市町村からのもの,市町村からのもの,旧DBと値が一致,
pref,04,01,075,2010,2010,2330,諸収入/受託事業収入,受託事業収入,旧DBと値が一致,
pref,04,01,075,2011,2014,2310,諸収入/貸付金元利収入/市町村からのもの,市町村からのもの,旧DBと値が一致,
pref,04,01,075,2015,2015,2310,諸収入/貸付金元利収入/市町村からのもの,市町村からのもの,前後年度の同名・同位置から延長,
pref,04,01,075,2016,2017,2310,諸収入/貸付金元利収入/市町村からのもの,市町村からのもの,旧DBと値が一致,
pref,04,01,075,2018,2018,2290,諸収入/公営企業貸付金元利収入,公営企業貸付金元利収入,前年度の同名・同位置から延長,
pref,04,01,075,2019,2019,2240,繰越金/純繰越金,純繰越金,前年度の同名・同位置から延長,
pref,04,01,075,2020,2020,2220,繰入金,繰入金,前年度の同名・同位置から延長,
pref,04,01,075,2021,2021,N_寄附金_その他,寄附金/その他,その他,名称と位置から確定（親子は値の合計で検算）,
pref,04,01,075,2022,2022,N_寄附金_地方創生応援税制に係る寄附金,寄附金/地方創生応援税制に係る寄附金,地方創生応援税制に係る寄附金,名称と位置から確定（親子は値の合計で検算）,
pref,04,01,075,2023,2023,N_寄附金_その他,寄附金/その他,その他,名称と位置から確定（親子は値の合計で検算）,
pref,04,01,075,2024,2024,N_寄附金_ふるさと納税,寄附金/ふるさと納税,ふるさと納税,名称と位置から確定（親子は値の合計で検算）,
pref,04,01,076,2008,2009,2360,諸収入/受託事業収入/民間からのもの,民間からのもの,旧DBと値が一致,
pref,04,01,076,2010,2010,2340,諸収入/受託事業収入/同級他団体からのもの,同級他団体からのもの,旧DBと値が一致,
pref,04,01,076,2011,2014,2320,諸収入/貸付金元利収入/その他からのもの,その他からのもの,旧DBと値が一致,
pref,04,01,076,2015,2015,2320,諸収入/貸付金元利収入/その他からのもの,その他からのもの,前後年度の同名・同位置から延長,
pref,04,01,076,2016,2017,2320,諸収入/貸付金元利収入/その他からのもの,その他からのもの,旧DBと値が一致,
pref,04,01,076,2018,2018,2300,諸収入/貸付金元利収入,貸付金元利収入,前年度の同名・同位置から延長,
pref,04,01,076,2019,2019,2250,繰越金/繰越事業費等充当財源繰越額,繰越事業費等充当財源繰越額,前年度の同名・同位置から延長,
pref,04,01,076,2020,2020,2230,繰越金,繰越金,前年度の同名・同位置から延長,
pref,04,01,076,2021,2021,2220,繰入金,繰入金,前年度の同名・同位置から延長,
pref,04,01,076,2022,2022,N_寄附金_その他,寄附金/その他,その他,名称と位置から確定（親子は値の合計で検算）,
pref,04,01,076,2023,2023,2220,繰入金,繰入金,前年度の同名・同位置から延長,
pref,04,01,076,2024,2024,N_寄附金_地方創生応援税制に係る寄附金,寄附金/地方創生応援税制に係る寄附金,地方創生応援税制に係る寄附金,名称と位置から確定（親子は値の合計で検算）,
pref,04,01,077,2010,2010,2350,諸収入/受託事業収入/市町村からのもの,市町村からのもの,旧DBと値が一致,
pref,04,01,077,2011,2014,2330,諸収入/受託事業収入,受託事業収入,旧DBと値が一致,
pref,04,01,077,2015,2015,2330,諸収入/受託事業収入,受託事業収入,前後年度の同名・同位置から延長,
pref,04,01,077,2016,2017,2330,諸収入/受託事業収入,受託事業収入,旧DBと値が一致,
pref,04,01,077,2018,2018,2310,諸収入/貸付金元利収入/市町村からのもの,市町村からのもの,前年度の同名・同位置から延長,
pref,04,01,077,2019,2019,2260,諸収入,諸収入,前年度の同名・同位置から延長,
pref,04,01,077,2020,2020,2240,繰越金/純繰越金,純繰越金,前年度の同名・同位置から延長,
pref,04,01,077,2021,2021,2230,繰越金,繰越金,前年度の同名・同位置から延長,
pref,04,01,077,2022,2022,2220,繰入金,繰入金,前年度の同名・同位置から延長,
pref,04,01,077,2023,2023,2230,繰越金,繰越金,前年度の同名・同位置から延長,
pref,04,01,077,2024,2024,N_寄附金_その他,寄附金/その他,その他,名称と位置から確定（親子は値の合計で検算）,
pref,04,01,078,2010,2010,2360,諸収入/受託事業収入/民間からのもの,民間からのもの,旧DBと値が一致,
pref,04,01,078,2011,2014,2340,諸収入/受託事業収入/同級他団体からのもの,同級他団体からのもの,旧DBと値が一致,
pref,04,01,078,2015,2015,2340,諸収入/受託事業収入/同級他団体からのもの,同級他団体からのもの,前後年度の同名・同位置から延長,
pref,04,01,078,2016,2017,2340,諸収入/受託事業収入/同級他団体からのもの,同級他団体からのもの,旧DBと値が一致,
pref,04,01,078,2018,2018,2320,諸収入/貸付金元利収入/その他からのもの,その他からのもの,名称と位置から確定（親子は値の合計で検算）,
pref,04,01,078,2019,2019,2270,諸収入/延滞金加算金及び過料,延滞金加算金及び過料,前年度の同名・同位置から延長,
pref,04,01,078,2020,2020,2250,繰越金/繰越事業費等充当財源繰越額,繰越事業費等充当財源繰越額,前年度の同名・同位置から延長,
pref,04,01,078,2021,2021,2240,繰越金/純繰越金,純繰越金,前年度の同名・同位置から延長,
pref,04,01,078,2022,2022,2230,繰越金,繰越金,前年度の同名・同位置から延長,
pref,04,01,078,2023,2023,2240,繰越金/純繰越金,純繰越金,前年度の同名・同位置から延長,
pref,04,01,078,2024,2024,2220,繰入金,繰入金,前年度の同名・同位置から延長,
pref,04,01,079,2011,2014,2350,諸収入/受託事業収入/市町村からのもの,市町村からのもの,旧DBと値が一致,
pref,04,01,079,2015,2015,2350,諸収入/受託事業収入/市町村からのもの,市町村からのもの,前後年度の同名・同位置から延長,
pref,04,01,079,2016,2017,2350,諸収入/受託事業収入/市町村からのもの,市町村からのもの,旧DBと値が一致,
pref,04,01,079,2018,2018,2330,諸収入/受託事業収入,受託事業収入,前年度の同名・同位置から延長,
pref,04,01,079,2019,2019,2280,諸収入/預金利子,預金利子,前年度の同名・同位置から延長,
pref,04,01,079,2020,2020,2260,諸収入,諸収入,前年度の同名・同位置から延長,
pref,04,01,079,2021,2021,2250,繰越金/繰越事業費等充当財源繰越額,繰越事業費等充当財源繰越額,前年度の同名・同位置から延長,
pref,04,01,079,2022,2022,2240,繰越金/純繰越金,純繰越金,前年度の同名・同位置から延長,
pref,04,01,079,2023,2023,2250,繰越金/繰越事業費等充当財源繰越額,繰越事業費等充当財源繰越額,前年度の同名・同位置から延長,
pref,04,01,079,2024,2024,2230,繰越金,繰越金,前年度の同名・同位置から延長,
pref,04,01,080,2011,2014,2360,諸収入/受託事業収入/民間からのもの,民間からのもの,旧DBと値が一致,
pref,04,01,080,2015,2015,2360,諸収入/受託事業収入/民間からのもの,民間からのもの,前後年度の同名・同位置から延長,
pref,04,01,080,2016,2017,2360,諸収入/受託事業収入/民間からのもの,民間からのもの,旧DBと値が一致,
pref,04,01,080,2018,2018,2340,諸収入/受託事業収入/同級他団体からのもの,同級他団体からのもの,前年度の同名・同位置から延長,
pref,04,01,080,2019,2019,2290,諸収入/公営企業貸付金元利収入,公営企業貸付金元利収入,前年度の同名・同位置から延長,
pref,04,01,080,2020,2020,2270,諸収入/延滞金加算金及び過料,延滞金加算金及び過料,前年度の同名・同位置から延長,
pref,04,01,080,2021,2021,2260,諸収入,諸収入,前年度の同名・同位置から延長,
pref,04,01,080,2022,2022,2250,繰越金/繰越事業費等充当財源繰越額,繰越事業費等充当財源繰越額,前年度の同名・同位置から延長,
pref,04,01,080,2023,2023,2260,諸収入,諸収入,前年度の同名・同位置から延長,
pref,04,01,080,2024,2024,2240,繰越金/純繰越金,純繰越金,前年度の同名・同位置から延長,
pref,04,01,081,2018,2018,2350,諸収入/受託事業収入/市町村からのもの,市町村からのもの,前年度の同名・同位置から延長,
pref,04,01,081,2019,2019,2300,諸収入/貸付金元利収入,貸付金元利収入,前年度の同名・同位置から延長,
pref,04,01,081,2020,2020,2280,諸収入/預金利子,預金利子,前年度の同名・同位置から延長,
pref,04,01,081,2021,2021,2270,諸収入/延滞金加算金及び過料,延滞金加算金及び過料,前年度の同名・同位置から延長,
pref,04,01,081,2022,2022,2260,諸収入,諸収入,前年度の同名・同位置から延長,
pref,04,01,081,2023,2023,2270,諸収入/延滞金加算金及び過料,延滞金加算金及び過料,前年度の同名・同位置から延長,
pref,04,01,081,2024,2024,2250,繰越金/繰越事業費等充当財源繰越額,繰越事業費等充当財源繰越額,前年度の同名・同位置から延長,
pref,04,01,082,2018,2018,2360,諸収入/受託事業収入/民間からのもの,民間からのもの,前年度の同名・同位置から延長,
pref,04,01,082,2019,2019,2310,諸収入/貸付金元利収入/市町村からのもの,市町村からのもの,前年度の同名・同位置から延長,
pref,04,01,082,2020,2020,2290,諸収入/公営企業貸付金元利収入,公営企業貸付金元利収入,前年度の同名・同位置から延長,
pref,04,01,082,2021,2021,2280,諸収入/預金利子,預金利子,前年度の同名・同位置から延長,
pref,04,01,082,2022,2022,2270,諸収入/延滞金加算金及び過料,延滞金加算金及び過料,前年度の同名・同位置から延長,
pref,04,01,082,2023,2023,2280,諸収入/預金利子,預金利子,前年度の同名・同位置から延長,
pref,04,01,082,2024,2024,2260,諸収入,諸収入,前年度の同名・同位置から延長,
pref,04,01,083,2019,2019,2320,諸収入/貸付金元利収入/その他からのもの,その他からのもの,名称と位置から確定（親子は値の合計で検算）,
pref,04,01,083,2020,2020,2300,諸収入/貸付金元利収入,貸付金元利収入,前年度の同名・同位置から延長,
pref,04,01,083,2021,2021,2290,諸収入/公営企業貸付金元利収入,公営企業貸付金元利収入,前年度の同名・同位置から延長,
pref,04,01,083,2022,2022,2280,諸収入/預金利子,預金利子,前年度の同名・同位置から延長,
pref,04,01,083,2023,2023,2290,諸収入/公営企業貸付金元利収入,公営企業貸付金元利収入,前年度の同名・同位置から延長,
pref,04,01,083,2024,2024,2270,諸収入/延滞金加算金及び過料,延滞金加算金及び過料,前年度の同名・同位置から延長,
pref,04,01,084,2019,2019,2330,諸収入/受託事業収入,受託事業収入,前年度の同名・同位置から延長,
pref,04,01,084,2020,2020,2310,諸収入/貸付金元利収入/市町村からのもの,市町村からのもの,前年度の同名・同位置から延長,
pref,04,01,084,2021,2021,2300,諸収入/貸付金元利収入,貸付金元利収入,前年度の同名・同位置から延長,
pref,04,01,084,2022,2022,2290,諸収入/公営企業貸付金元利収入,公営企業貸付金元利収入,前年度の同名・同位置から延長,
pref,04,01,084,2023,2023,2300,諸収入/貸付金元利収入,貸付金元利収入,前年度の同名・同位置から延長,
pref,04,01,084,2024,2024,2280,諸収入/預金利子,預金利子,前年度の同名・同位置から延長,
pref,04,01,085,2019,2019,2340,諸収入/受託事業収入/同級他団体からのもの,同級他団体からのもの,前年度の同名・同位置から延長,
pref,04,01,085,2020,2020,2320,諸収入/貸付金元利収入/その他からのもの,その他からのもの,名称と位置から確定（親子は値の合計で検算）,
pref,04,01,085,2021,2021,2310,諸収入/貸付金元利収入/市町村からのもの,市町村からのもの,前年度の同名・同位置から延長,
pref,04,01,085,2022,2022,2300,諸収入/貸付金元利収入,貸付金元利収入,前年度の同名・同位置から延長,
pref,04,01,085,2023,2023,2310,諸収入/貸付金元利収入/市町村からのもの,市町村からのもの,前年度の同名・同位置から延長,
pref,04,01,085,2024,2024,2290,諸収入/公営企業貸付金元利収入,公営企業貸付金元利収入,前年度の同名・同位置から延長,
pref,04,01,086,2019,2019,2350,諸収入/受託事業収入/市町村からのもの,市町村からのもの,前年度の同名・同位置から延長,
pref,04,01,086,2020,2020,2330,諸収入/受託事業収入,受託事業収入,前年度の同名・同位置から延長,
pref,04,01,086,2021,2021,2320,諸収入/貸付金元利収入/その他からのもの,その他からのもの,名称と位置から確定（親子は値の合計で検算）,
pref,04,01,086,2022,2022,2310,諸収入/貸付金元利収入/市町村からのもの,市町村からのもの,前年度の同名・同位置から延長,
pref,04,01,086,2023,2023,2320,諸収入/貸付金元利収入/その他からのもの,その他からのもの,名称と位置から確定（親子は値の合計で検算）,
pref,04,01,086,2024,2024,2300,諸収入/貸付金元利収入,貸付金元利収入,前年度の同名・同位置から延長,
pref,04,01,087,2019,2019,2360,諸収入/受託事業収入/民間からのもの,民間からのもの,前年度の同名・同位置から延長,
pref,04,01,087,2020,2020,2340,諸収入/受託事業収入/同級他団体からのもの,同級他団体からのもの,前年度の同名・同位置から延長,
pref,04,01,087,2021,2021,2330,諸収入/受託事業収入,受託事業収入,前年度の同名・同位置から延長,
pref,04,01,087,2022,2022,2320,諸収入/貸付金元利収入/その他からのもの,その他からのもの,名称と位置から確定（親子は値の合計で検算）,
pref,04,01,087,2023,2023,2330,諸収入/受託事業収入,受託事業収入,前年度の同名・同位置から延長,
pref,04,01,087,2024,2024,2310,諸収入/貸付金元利収入/市町村からのもの,市町村からのもの,前年度の同名・同位置から延長,
pref,04,01,088,2020,2020,2350,諸収入/受託事業収入/市町村からのもの,市町村からのもの,前年度の同名・同位置から延長,
pref,04,01,088,2021,2021,2340,諸収入/受託事業収入/同級他団体からのもの,同級他団体からのもの,前年度の同名・同位置から延長,
pref,04,01,088,2022,2022,2330,諸収入/受託事業収入,受託事業収入,前年度の同名・同位置から延長,
pref,04,01,088,2023,2023,2340,諸収入/受託事業収入/同級他団体からのもの,同級他団体からのもの,前年度の同名・同位置から延長,
pref,04,01,088,2024,2024,2320,諸収入/貸付金元利収入/その他からのもの,その他からのもの,名称と位置から確定（親子は値の合計で検算）,
pref,04,01,089,2020,2020,2360,諸収入/受託事業収入/民間からのもの,民間からのもの,前年度の同名・同位置から延長,
pref,04,01,089,2021,2021,2350,諸収入/受託事業収入/市町村からのもの,市町村からのもの,前年度の同名・同位置から延長,
pref,04,01,089,2022,2022,2340,諸収入/受託事業収入/同級他団体からのもの,同級他団体からのもの,前年度の同名・同位置から延長,
pref,04,01,089,2023,2023,2350,諸収入/受託事業収入/市町村からのもの,市町村からのもの,前年度の同名・同位置から延長,
pref,04,01,089,2024,2024,2330,諸収入/受託事業収入,受託事業収入,前年度の同名・同位置から延長,
pref,04,01,090,2021,2021,2360,諸収入/受託事業収入/民間からのもの,民間からのもの,前年度の同名・同位置から延長,
pref,04,01,090,2022,2022,2350,諸収入/受託事業収入/市町村からのもの,市町村からのもの,前年度の同名・同位置から延長,
pref,04,01,090,2023,2023,2360,諸収入/受託事業収入/民間からのもの,民間からのもの,前年度の同名・同位置から延長,
pref,04,01,090,2024,2024,2340,諸収入/受託事業収入/同級他団体からのもの,同級他団体からのもの,前年度の同名・同位置から延長,
pref,04,01,091,2022,2022,2360,諸収入/受託事業収入/民間からのもの,民間からのもの,前年度の同名・同位置から延長,
pref,04,01,091,2024,2024,2350,諸収入/受託事業収入/市町村からのもの,市町村からのもの,前年度の同名・同位置から延長,
pref,04,01,092,2024,2024,2360,諸収入/受託事業収入/民間からのもの,民間からのもの,前年度の同名・同位置から延長,
pref,04,02,001,1989,2014,2370,諸収入/収益事業収入,（CSVでは行01の列名称が付いている）,旧DBと値が一致,
pref,04,02,001,2015,2015,2370,諸収入/収益事業収入,（CSVでは行01の列名称が付いている）,様式の並びと合計で確定,
pref,04,02,001,2016,2017,2370,諸収入/収益事業収入,（CSVでは行01の列名称が付いている）,旧DBと値が一致,
pref,04,02,001,2018,2024,2370,諸収入/収益事業収入,（CSVでは行01の列名称が付いている）,様式の並びと合計で確定,
pref,04,02,002,1989,2014,2380,諸収入/利子割精算金収入,（CSVでは行01の列名称が付いている）,旧DBと値が一致,
pref,04,02,002,2015,2015,2380,諸収入/利子割精算金収入,（CSVでは行01の列名称が付いている）,様式の並びと合計で確定,
pref,04,02,002,2016,2017,2380,諸収入/利子割精算金収入,（CSVでは行01の列名称が付いている）,旧DBと値が一致,
pref,04,02,002,2018,2024,2380,諸収入/利子割精算金収入,（CSVでは行01の列名称が付いている）,様式の並びと合計で確定,
pref,04,02,003,1989,2014,2390,諸収入/雑入,（CSVでは行01の列名称が付いている）,旧DBと値が一致,
pref,04,02,003,2015,2015,2390,諸収入/雑入,（CSVでは行01の列名称が付いている）,様式の並びと合計で確定,
pref,04,02,003,2016,2017,2390,諸収入/雑入,（CSVでは行01の列名称が付いている）,旧DBと値が一致,
pref,04,02,003,2018,2024,2390,諸収入/雑入,（CSVでは行01の列名称が付いている）,様式の並びと合計で確定,
pref,04,02,004,1989,2014,2400,諸収入/雑入/市町村からのもの,（CSVでは行01の列名称が付いている）,旧DBと値が一致,
pref,04,02,004,2015,2015,2400,諸収入/雑入/市町村からのもの,（CSVでは行01の列名称が付いている）,様式の並びと合計で確定,
pref,04,02,004,2016,2017,2400,諸収入/雑入/市町村からのもの,（CSVでは行01の列名称が付いている）,旧DBと値が一致,
pref,04,02,004,2018,2024,2400,諸収入/雑入/市町村からのもの,（CSVでは行01の列名称が付いている）,様式の並びと合計で確定,
pref,04,02,005,1989,2014,2430,諸収入/雑入/その他からのもの,（CSVでは行01の列名称が付いている）,旧DBと値が一致,
pref,04,02,005,2015,2015,2430,諸収入/雑入/その他からのもの,（CSVでは行01の列名称が付いている）,様式の並びと合計で確定,
pref,04,02,005,2016,2017,2430,諸収入/雑入/その他からのもの,（CSVでは行01の列名称が付いている）,旧DBと値が一致,
pref,04,02,005,2018,2024,2430,諸収入/雑入/その他からのもの,（CSVでは行01の列名称が付いている）,様式の並びと合計で確定,
pref,04,02,006,1989,2014,2440,地方債,（CSVでは行01の列名称が付いている）,旧DBと値が一致,
pref,04,02,006,2015,2015,2440,地方債,（CSVでは行01の列名称が付いている）,様式の並びと合計で確定,
pref,04,02,006,2016,2017,2440,地方債,（CSVでは行01の列名称が付いている）,旧DBと値が一致,
pref,04,02,006,2018,2024,2440,地方債,（CSVでは行01の列名称が付いている）,様式の並びと合計で確定,
pref,04,02,007,1989,2014,2450,特別区財政調整交付金,（CSVでは行01の列名称が付いている）,旧DBと値が一致,
pref,04,02,007,2015,2015,2450,特別区財政調整交付金,（CSVでは行01の列名称が付いている）,様式の並びと合計で確定,
pref,04,02,007,2016,2017,2450,特別区財政調整交付金,（CSVでは行01の列名称が付いている）,旧DBと値が一致,
pref,04,02,007,2018,2024,1000,歳入合計,（CSVでは行01の列名称が付いている）,表02の歳入総額と一致,
pref,04,02,008,1989,2010,1000,歳入合計,（CSVでは行01の列名称が付いている）,表02の歳入総額と一致,
pref,04,02,008,2011,2017,-0,（様式上の欄・全団体0）,（CSVでは行01の列名称が付いている）,様式の並びと合計で確定,2011〜2017年度の様式にある欄。全団体0で内容不明
pref,04,02,008,2018,2024,2480,（参考）不納欠損額,（CSVでは行01の列名称が付いている）,様式の並びと合計で確定,
pref,04,02,009,1989,1989,-,（空欄）,（CSVでは行01の列名称が付いている）,様式の並びと合計で確定,
pref,04,02,009,1990,1990,-,（空欄）,（CSVでは行01の列名称が付いている）,様式の並びと合計で確定,
pref,04,02,009,1991,1991,-,（空欄）,（CSVでは行01の列名称が付いている）,様式の並びと合計で確定,
pref,04,02,009,1992,1992,-,（空欄）,（CSVでは行01の列名称が付いている）,様式の並びと合計で確定,
pref,04,02,009,1993,1993,-,（空欄）,（CSVでは行01の列名称が付いている）,様式の並びと合計で確定,
pref,04,02,009,1994,1994,-,（空欄）,（CSVでは行01の列名称が付いている）,様式の並びと合計で確定,
pref,04,02,009,1995,1995,-,（空欄）,（CSVでは行01の列名称が付いている）,様式の並びと合計で確定,
pref,04,02,009,1996,1996,-,（空欄）,（CSVでは行01の列名称が付いている）,様式の並びと合計で確定,
pref,04,02,009,1997,1997,-,（空欄）,（CSVでは行01の列名称が付いている）,様式の並びと合計で確定,
pref,04,02,009,1998,1998,-,（空欄）,（CSVでは行01の列名称が付いている）,様式の並びと合計で確定,
pref,04,02,009,1999,1999,-,（空欄）,（CSVでは行01の列名称が付いている）,様式の並びと合計で確定,
pref,04,02,009,2000,2000,-,（空欄）,（CSVでは行01の列名称が付いている）,様式の並びと合計で確定,
pref,04,02,009,2011,2017,1000,歳入合計,（CSVでは行01の列名称が付いている）,表02の歳入総額と一致,
pref,04,02,009,2018,2024,2490,（参考）不納欠損額/地方税,（CSVでは行01の列名称が付いている）,様式の並びと合計で確定,
pref,04,02,010,1989,1989,-,（空欄）,（CSVでは行01の列名称が付いている）,様式の並びと合計で確定,
pref,04,02,010,1990,1990,-,（空欄）,（CSVでは行01の列名称が付いている）,様式の並びと合計で確定,
pref,04,02,010,1991,1991,-,（空欄）,（CSVでは行01の列名称が付いている）,様式の並びと合計で確定,
pref,04,02,010,1992,1992,-,（空欄）,（CSVでは行01の列名称が付いている）,様式の並びと合計で確定,
pref,04,02,010,1993,1993,-,（空欄）,（CSVでは行01の列名称が付いている）,様式の並びと合計で確定,
pref,04,02,010,1994,1994,-,（空欄）,（CSVでは行01の列名称が付いている）,様式の並びと合計で確定,
pref,04,02,010,1995,1995,-,（空欄）,（CSVでは行01の列名称が付いている）,様式の並びと合計で確定,
pref,04,02,010,1996,1996,-,（空欄）,（CSVでは行01の列名称が付いている）,様式の並びと合計で確定,
pref,04,02,010,1997,1997,-,（空欄）,（CSVでは行01の列名称が付いている）,様式の並びと合計で確定,
pref,04,02,010,1998,1998,-,（空欄）,（CSVでは行01の列名称が付いている）,様式の並びと合計で確定,
pref,04,02,010,1999,1999,-,（空欄）,（CSVでは行01の列名称が付いている）,様式の並びと合計で確定,
pref,04,02,010,2000,2000,-,（空欄）,（CSVでは行01の列名称が付いている）,様式の並びと合計で確定,
pref,04,02,010,2015,2017,2480,（参考）不納欠損額,（CSVでは行01の列名称が付いている）,様式の並びと合計で確定,
pref,04,02,010,2018,2024,2500,（参考）不納欠損額/分担金及び負担金,（CSVでは行01の列名称が付いている）,様式の並びと合計で確定,
pref,04,02,011,1989,1989,-,（空欄）,（CSVでは行01の列名称が付いている）,様式の並びと合計で確定,
pref,04,02,011,1990,1990,-,（空欄）,（CSVでは行01の列名称が付いている）,様式の並びと合計で確定,
pref,04,02,011,1991,1991,-,（空欄）,（CSVでは行01の列名称が付いている）,様式の並びと合計で確定,
pref,04,02,011,1992,1992,-,（空欄）,（CSVでは行01の列名称が付いている）,様式の並びと合計で確定,
pref,04,02,011,1993,1993,-,（空欄）,（CSVでは行01の列名称が付いている）,様式の並びと合計で確定,
pref,04,02,011,1994,1994,-,（空欄）,（CSVでは行01の列名称が付いている）,様式の並びと合計で確定,
pref,04,02,011,1995,1995,-,（空欄）,（CSVでは行01の列名称が付いている）,様式の並びと合計で確定,
pref,04,02,011,1996,1996,-,（空欄）,（CSVでは行01の列名称が付いている）,様式の並びと合計で確定,
pref,04,02,011,1997,1997,-,（空欄）,（CSVでは行01の列名称が付いている）,様式の並びと合計で確定,
pref,04,02,011,1998,1998,-,（空欄）,（CSVでは行01の列名称が付いている）,様式の並びと合計で確定,
pref,04,02,011,1999,1999,-,（空欄）,（CSVでは行01の列名称が付いている）,様式の並びと合計で確定,
pref,04,02,011,2000,2000,-,（空欄）,（CSVでは行01の列名称が付いている）,様式の並びと合計で確定,
pref,04,02,011,2015,2017,2490,（参考）不納欠損額/地方税,（CSVでは行01の列名称が付いている）,様式の並びと合計で確定,
pref,04,02,011,2018,2024,2510,（参考）不納欠損額/使用料,（CSVでは行01の列名称が付いている）,様式の並びと合計で確定,
pref,04,02,012,1989,1989,-,（空欄）,（CSVでは行01の列名称が付いている）,様式の並びと合計で確定,
pref,04,02,012,1990,1990,-,（空欄）,（CSVでは行01の列名称が付いている）,様式の並びと合計で確定,
pref,04,02,012,1991,1991,-,（空欄）,（CSVでは行01の列名称が付いている）,様式の並びと合計で確定,
pref,04,02,012,1992,1992,-,（空欄）,（CSVでは行01の列名称が付いている）,様式の並びと合計で確定,
pref,04,02,012,1993,1993,-,（空欄）,（CSVでは行01の列名称が付いている）,様式の並びと合計で確定,
pref,04,02,012,1994,1994,-,（空欄）,（CSVでは行01の列名称が付いている）,様式の並びと合計で確定,
pref,04,02,012,1995,1995,-,（空欄）,（CSVでは行01の列名称が付いている）,様式の並びと合計で確定,
pref,04,02,012,1996,1996,-,（空欄）,（CSVでは行01の列名称が付いている）,様式の並びと合計で確定,
pref,04,02,012,1997,1997,-,（空欄）,（CSVでは行01の列名称が付いている）,様式の並びと合計で確定,
pref,04,02,012,1998,1998,-,（空欄）,（CSVでは行01の列名称が付いている）,様式の並びと合計で確定,
pref,04,02,012,1999,1999,-,（空欄）,（CSVでは行01の列名称が付いている）,様式の並びと合計で確定,
pref,04,02,012,2000,2000,-,（空欄）,（CSVでは行01の列名称が付いている）,様式の並びと合計で確定,
pref,04,02,012,2015,2017,2500,（参考）不納欠損額/分担金及び負担金,（CSVでは行01の列名称が付いている）,様式の並びと合計で確定,
pref,04,02,012,2018,2024,2520,（参考）不納欠損額/使用料/授業料,（CSVでは行01の列名称が付いている）,様式の並びと合計で確定,
pref,04,02,013,1989,1989,-,（空欄）,（CSVでは行01の列名称が付いている）,様式の並びと合計で確定,
pref,04,02,013,1990,1990,-,（空欄）,（CSVでは行01の列名称が付いている）,様式の並びと合計で確定,
pref,04,02,013,1991,1991,-,（空欄）,（CSVでは行01の列名称が付いている）,様式の並びと合計で確定,
pref,04,02,013,1992,1992,-,（空欄）,（CSVでは行01の列名称が付いている）,様式の並びと合計で確定,
pref,04,02,013,1993,1993,-,（空欄）,（CSVでは行01の列名称が付いている）,様式の並びと合計で確定,
pref,04,02,013,1994,1994,-,（空欄）,（CSVでは行01の列名称が付いている）,様式の並びと合計で確定,
pref,04,02,013,1995,1995,-,（空欄）,（CSVでは行01の列名称が付いている）,様式の並びと合計で確定,
pref,04,02,013,1996,1996,-,（空欄）,（CSVでは行01の列名称が付いている）,様式の並びと合計で確定,
pref,04,02,013,1997,1997,-,（空欄）,（CSVでは行01の列名称が付いている）,様式の並びと合計で確定,
pref,04,02,013,1998,1998,-,（空欄）,（CSVでは行01の列名称が付いている）,様式の並びと合計で確定,
pref,04,02,013,1999,1999,-,（空欄）,（CSVでは行01の列名称が付いている）,様式の並びと合計で確定,
pref,04,02,013,2000,2000,-,（空欄）,（CSVでは行01の列名称が付いている）,様式の並びと合計で確定,
pref,04,02,013,2015,2017,2510,（参考）不納欠損額/使用料,（CSVでは行01の列名称が付いている）,様式の並びと合計で確定,
pref,04,02,013,2018,2024,2530,（参考）不納欠損額/使用料/保育所使用料,（CSVでは行01の列名称が付いている）,様式の並びと合計で確定,
pref,04,02,014,1989,1989,-,（空欄）,（CSVでは行01の列名称が付いている）,様式の並びと合計で確定,
pref,04,02,014,1990,1990,-,（空欄）,（CSVでは行01の列名称が付いている）,様式の並びと合計で確定,
pref,04,02,014,1991,1991,-,（空欄）,（CSVでは行01の列名称が付いている）,様式の並びと合計で確定,
pref,04,02,014,1992,1992,-,（空欄）,（CSVでは行01の列名称が付いている）,様式の並びと合計で確定,
pref,04,02,014,1993,1993,-,（空欄）,（CSVでは行01の列名称が付いている）,様式の並びと合計で確定,
pref,04,02,014,1994,1994,-,（空欄）,（CSVでは行01の列名称が付いている）,様式の並びと合計で確定,
pref,04,02,014,1995,1995,-,（空欄）,（CSVでは行01の列名称が付いている）,様式の並びと合計で確定,
pref,04,02,014,1996,1996,-,（空欄）,（CSVでは行01の列名称が付いている）,様式の並びと合計で確定,
pref,04,02,014,1997,1997,-,（空欄）,（CSVでは行01の列名称が付いている）,様式の並びと合計で確定,
pref,04,02,014,1998,1998,-,（空欄）,（CSVでは行01の列名称が付いている）,様式の並びと合計で確定,
pref,04,02,014,1999,1999,-,（空欄）,（CSVでは行01の列名称が付いている）,様式の並びと合計で確定,
pref,04,02,014,2000,2000,-,（空欄）,（CSVでは行01の列名称が付いている）,様式の並びと合計で確定,
pref,04,02,014,2015,2017,2520,（参考）不納欠損額/使用料/授業料,（CSVでは行01の列名称が付いている）,様式の並びと合計で確定,
pref,04,02,014,2018,2024,2540,（参考）不納欠損額/使用料/公営住宅使用料,（CSVでは行01の列名称が付いている）,様式の並びと合計で確定,
pref,04,02,015,1989,1989,-,（空欄）,（CSVでは行01の列名称が付いている）,様式の並びと合計で確定,
pref,04,02,015,1990,1990,-,（空欄）,（CSVでは行01の列名称が付いている）,様式の並びと合計で確定,
pref,04,02,015,1991,1991,-,（空欄）,（CSVでは行01の列名称が付いている）,様式の並びと合計で確定,
pref,04,02,015,1992,1992,-,（空欄）,（CSVでは行01の列名称が付いている）,様式の並びと合計で確定,
pref,04,02,015,1993,1993,-,（空欄）,（CSVでは行01の列名称が付いている）,様式の並びと合計で確定,
pref,04,02,015,1994,1994,-,（空欄）,（CSVでは行01の列名称が付いている）,様式の並びと合計で確定,
pref,04,02,015,1995,1995,-,（空欄）,（CSVでは行01の列名称が付いている）,様式の並びと合計で確定,
pref,04,02,015,1996,1996,-,（空欄）,（CSVでは行01の列名称が付いている）,様式の並びと合計で確定,
pref,04,02,015,1997,1997,-,（空欄）,（CSVでは行01の列名称が付いている）,様式の並びと合計で確定,
pref,04,02,015,1998,1998,-,（空欄）,（CSVでは行01の列名称が付いている）,様式の並びと合計で確定,
pref,04,02,015,1999,1999,-,（空欄）,（CSVでは行01の列名称が付いている）,様式の並びと合計で確定,
pref,04,02,015,2000,2000,-,（空欄）,（CSVでは行01の列名称が付いている）,様式の並びと合計で確定,
pref,04,02,015,2015,2017,2530,（参考）不納欠損額/使用料/保育所使用料,（CSVでは行01の列名称が付いている）,様式の並びと合計で確定,
pref,04,02,015,2018,2024,2550,（参考）不納欠損額/使用料/その他,（CSVでは行01の列名称が付いている）,様式の並びと合計で確定,
pref,04,02,016,1989,1989,-,（空欄）,（CSVでは行01の列名称が付いている）,様式の並びと合計で確定,
pref,04,02,016,1990,1990,-,（空欄）,（CSVでは行01の列名称が付いている）,様式の並びと合計で確定,
pref,04,02,016,1991,1991,-,（空欄）,（CSVでは行01の列名称が付いている）,様式の並びと合計で確定,
pref,04,02,016,1992,1992,-,（空欄）,（CSVでは行01の列名称が付いている）,様式の並びと合計で確定,
pref,04,02,016,1993,1993,-,（空欄）,（CSVでは行01の列名称が付いている）,様式の並びと合計で確定,
pref,04,02,016,1994,1994,-,（空欄）,（CSVでは行01の列名称が付いている）,様式の並びと合計で確定,
pref,04,02,016,1995,1995,-,（空欄）,（CSVでは行01の列名称が付いている）,様式の並びと合計で確定,
pref,04,02,016,1996,1996,-,（空欄）,（CSVでは行01の列名称が付いている）,様式の並びと合計で確定,
pref,04,02,016,1997,1997,-,（空欄）,（CSVでは行01の列名称が付いている）,様式の並びと合計で確定,
pref,04,02,016,1998,1998,-,（空欄）,（CSVでは行01の列名称が付いている）,様式の並びと合計で確定,
pref,04,02,016,1999,1999,-,（空欄）,（CSVでは行01の列名称が付いている）,様式の並びと合計で確定,
pref,04,02,016,2000,2000,-,（空欄）,（CSVでは行01の列名称が付いている）,様式の並びと合計で確定,
pref,04,02,016,2015,2017,2540,（参考）不納欠損額/使用料/公営住宅使用料,（CSVでは行01の列名称が付いている）,様式の並びと合計で確定,
pref,04,02,016,2018,2024,2560,（参考）不納欠損額/手数料,（CSVでは行01の列名称が付いている）,様式の並びと合計で確定,
pref,04,02,017,1989,1989,-,（空欄）,（CSVでは行01の列名称が付いている）,様式の並びと合計で確定,
pref,04,02,017,1990,1990,-,（空欄）,（CSVでは行01の列名称が付いている）,様式の並びと合計で確定,
pref,04,02,017,1991,1991,-,（空欄）,（CSVでは行01の列名称が付いている）,様式の並びと合計で確定,
pref,04,02,017,1992,1992,-,（空欄）,（CSVでは行01の列名称が付いている）,様式の並びと合計で確定,
pref,04,02,017,1993,1993,-,（空欄）,（CSVでは行01の列名称が付いている）,様式の並びと合計で確定,
pref,04,02,017,1994,1994,-,（空欄）,（CSVでは行01の列名称が付いている）,様式の並びと合計で確定,
pref,04,02,017,1995,1995,-,（空欄）,（CSVでは行01の列名称が付いている）,様式の並びと合計で確定,
pref,04,02,017,1996,1996,-,（空欄）,（CSVでは行01の列名称が付いている）,様式の並びと合計で確定,
pref,04,02,017,1997,1997,-,（空欄）,（CSVでは行01の列名称が付いている）,様式の並びと合計で確定,
pref,04,02,017,1998,1998,-,（空欄）,（CSVでは行01の列名称が付いている）,様式の並びと合計で確定,
pref,04,02,017,1999,1999,-,（空欄）,（CSVでは行01の列名称が付いている）,様式の並びと合計で確定,
pref,04,02,017,2000,2000,-,（空欄）,（CSVでは行01の列名称が付いている）,様式の並びと合計で確定,
pref,04,02,017,2015,2017,2550,（参考）不納欠損額/使用料/その他,（CSVでは行01の列名称が付いている）,様式の並びと合計で確定,
pref,04,02,017,2018,2024,2570,（参考）不納欠損額/財産収入,（CSVでは行01の列名称が付いている）,様式の並びと合計で確定,
pref,04,02,018,1989,1989,-,（空欄）,（CSVでは行01の列名称が付いている）,様式の並びと合計で確定,
pref,04,02,018,1990,1990,-,（空欄）,（CSVでは行01の列名称が付いている）,様式の並びと合計で確定,
pref,04,02,018,1991,1991,-,（空欄）,（CSVでは行01の列名称が付いている）,様式の並びと合計で確定,
pref,04,02,018,1992,1992,-,（空欄）,（CSVでは行01の列名称が付いている）,様式の並びと合計で確定,
pref,04,02,018,1993,1993,-,（空欄）,（CSVでは行01の列名称が付いている）,様式の並びと合計で確定,
pref,04,02,018,1994,1994,-,（空欄）,（CSVでは行01の列名称が付いている）,様式の並びと合計で確定,
pref,04,02,018,1995,1995,-,（空欄）,（CSVでは行01の列名称が付いている）,様式の並びと合計で確定,
pref,04,02,018,1996,1996,-,（空欄）,（CSVでは行01の列名称が付いている）,様式の並びと合計で確定,
pref,04,02,018,1997,1997,-,（空欄）,（CSVでは行01の列名称が付いている）,様式の並びと合計で確定,
pref,04,02,018,1998,1998,-,（空欄）,（CSVでは行01の列名称が付いている）,様式の並びと合計で確定,
pref,04,02,018,1999,1999,-,（空欄）,（CSVでは行01の列名称が付いている）,様式の並びと合計で確定,
pref,04,02,018,2000,2000,-,（空欄）,（CSVでは行01の列名称が付いている）,様式の並びと合計で確定,
pref,04,02,018,2015,2017,2560,（参考）不納欠損額/手数料,（CSVでは行01の列名称が付いている）,様式の並びと合計で確定,
pref,04,02,018,2018,2024,2580,（参考）不納欠損額/諸収入,（CSVでは行01の列名称が付いている）,様式の並びと合計で確定,
pref,04,02,019,1989,1989,-,（空欄）,（CSVでは行01の列名称が付いている）,様式の並びと合計で確定,
pref,04,02,019,1990,1990,-,（空欄）,（CSVでは行01の列名称が付いている）,様式の並びと合計で確定,
pref,04,02,019,1991,1991,-,（空欄）,（CSVでは行01の列名称が付いている）,様式の並びと合計で確定,
pref,04,02,019,1992,1992,-,（空欄）,（CSVでは行01の列名称が付いている）,様式の並びと合計で確定,
pref,04,02,019,1993,1993,-,（空欄）,（CSVでは行01の列名称が付いている）,様式の並びと合計で確定,
pref,04,02,019,1994,1994,-,（空欄）,（CSVでは行01の列名称が付いている）,様式の並びと合計で確定,
pref,04,02,019,1995,1995,-,（空欄）,（CSVでは行01の列名称が付いている）,様式の並びと合計で確定,
pref,04,02,019,1996,1996,-,（空欄）,（CSVでは行01の列名称が付いている）,様式の並びと合計で確定,
pref,04,02,019,1997,1997,-,（空欄）,（CSVでは行01の列名称が付いている）,様式の並びと合計で確定,
pref,04,02,019,1998,1998,-,（空欄）,（CSVでは行01の列名称が付いている）,様式の並びと合計で確定,
pref,04,02,019,1999,1999,-,（空欄）,（CSVでは行01の列名称が付いている）,様式の並びと合計で確定,
pref,04,02,019,2000,2000,-,（空欄）,（CSVでは行01の列名称が付いている）,様式の並びと合計で確定,
pref,04,02,019,2015,2017,2570,（参考）不納欠損額/財産収入,（CSVでは行01の列名称が付いている）,様式の並びと合計で確定,
pref,04,02,019,2018,2024,2590,（参考）不納欠損額/その他,（CSVでは行01の列名称が付いている）,様式の並びと合計で確定,
pref,04,02,020,1989,1989,-,（空欄）,（CSVでは行01の列名称が付いている）,様式の並びと合計で確定,
pref,04,02,020,1990,1990,-,（空欄）,（CSVでは行01の列名称が付いている）,様式の並びと合計で確定,
pref,04,02,020,1991,1991,-,（空欄）,（CSVでは行01の列名称が付いている）,様式の並びと合計で確定,
pref,04,02,020,1992,1992,-,（空欄）,（CSVでは行01の列名称が付いている）,様式の並びと合計で確定,
pref,04,02,020,1993,1993,-,（空欄）,（CSVでは行01の列名称が付いている）,様式の並びと合計で確定,
pref,04,02,020,1994,1994,-,（空欄）,（CSVでは行01の列名称が付いている）,様式の並びと合計で確定,
pref,04,02,020,1995,1995,-,（空欄）,（CSVでは行01の列名称が付いている）,様式の並びと合計で確定,
pref,04,02,020,1996,1996,-,（空欄）,（CSVでは行01の列名称が付いている）,様式の並びと合計で確定,
pref,04,02,020,1997,1997,-,（空欄）,（CSVでは行01の列名称が付いている）,様式の並びと合計で確定,
pref,04,02,020,1998,1998,-,（空欄）,（CSVでは行01の列名称が付いている）,様式の並びと合計で確定,
pref,04,02,020,1999,1999,-,（空欄）,（CSVでは行01の列名称が付いている）,様式の並びと合計で確定,
pref,04,02,020,2000,2000,-,（空欄）,（CSVでは行01の列名称が付いている）,様式の並びと合計で確定,
pref,04,02,020,2015,2017,2580,（参考）不納欠損額/諸収入,（CSVでは行01の列名称が付いている）,様式の並びと合計で確定,
pref,04,02,021,1989,1989,-,（空欄）,（CSVでは行01の列名称が付いている）,様式の並びと合計で確定,
pref,04,02,021,1990,1990,-,（空欄）,（CSVでは行01の列名称が付いている）,様式の並びと合計で確定,
pref,04,02,021,1991,1991,-,（空欄）,（CSVでは行01の列名称が付いている）,様式の並びと合計で確定,
pref,04,02,021,1992,1992,-,（空欄）,（CSVでは行01の列名称が付いている）,様式の並びと合計で確定,
pref,04,02,021,1993,1993,-,（空欄）,（CSVでは行01の列名称が付いている）,様式の並びと合計で確定,
pref,04,02,021,1994,1994,-,（空欄）,（CSVでは行01の列名称が付いている）,様式の並びと合計で確定,
pref,04,02,021,1995,1995,-,（空欄）,（CSVでは行01の列名称が付いている）,様式の並びと合計で確定,
pref,04,02,021,1996,1996,-,（空欄）,（CSVでは行01の列名称が付いている）,様式の並びと合計で確定,
pref,04,02,021,1997,1997,-,（空欄）,（CSVでは行01の列名称が付いている）,様式の並びと合計で確定,
pref,04,02,021,1998,1998,-,（空欄）,（CSVでは行01の列名称が付いている）,様式の並びと合計で確定,
pref,04,02,021,1999,1999,-,（空欄）,（CSVでは行01の列名称が付いている）,様式の並びと合計で確定,
pref,04,02,021,2000,2000,-,（空欄）,（CSVでは行01の列名称が付いている）,様式の並びと合計で確定,
pref,04,02,021,2015,2017,2590,（参考）不納欠損額/その他,（CSVでは行01の列名称が付いている）,様式の並びと合計で確定,
pref,04,02,022,1989,1989,-,（空欄）,（CSVでは行01の列名称が付いている）,様式の並びと合計で確定,
pref,04,02,022,1990,1990,-,（空欄）,（CSVでは行01の列名称が付いている）,様式の並びと合計で確定,
pref,04,02,022,1991,1991,-,（空欄）,（CSVでは行01の列名称が付いている）,様式の並びと合計で確定,
pref,04,02,022,1992,1992,-,（空欄）,（CSVでは行01の列名称が付いている）,様式の並びと合計で確定,
pref,04,02,022,1993,1993,-,（空欄）,（CSVでは行01の列名称が付いている）,様式の並びと合計で確定,
pref,04,02,022,1994,1994,-,（空欄）,（CSVでは行01の列名称が付いている）,様式の並びと合計で確定,
pref,04,02,022,1995,1995,-,（空欄）,（CSVでは行01の列名称が付いている）,様式の並びと合計で確定,
pref,04,02,022,1996,1996,-,（空欄）,（CSVでは行01の列名称が付いている）,様式の並びと合計で確定,
pref,04,02,022,1997,1997,-,（空欄）,（CSVでは行01の列名称が付いている）,様式の並びと合計で確定,
pref,04,02,022,1998,1998,-,（空欄）,（CSVでは行01の列名称が付いている）,様式の並びと合計で確定,
pref,04,02,022,1999,1999,-,（空欄）,（CSVでは行01の列名称が付いている）,様式の並びと合計で確定,
pref,04,02,022,2000,2000,-,（空欄）,（CSVでは行01の列名称が付いている）,様式の並びと合計で確定,
pref,04,02,023,1989,1989,-,（空欄）,（CSVでは行01の列名称が付いている）,様式の並びと合計で確定,
pref,04,02,023,1990,1990,-,（空欄）,（CSVでは行01の列名称が付いている）,様式の並びと合計で確定,
pref,04,02,023,1991,1991,-,（空欄）,（CSVでは行01の列名称が付いている）,様式の並びと合計で確定,
pref,04,02,023,1992,1992,-,（空欄）,（CSVでは行01の列名称が付いている）,様式の並びと合計で確定,
pref,04,02,023,1993,1993,-,（空欄）,（CSVでは行01の列名称が付いている）,様式の並びと合計で確定,
pref,04,02,023,1994,1994,-,（空欄）,（CSVでは行01の列名称が付いている）,様式の並びと合計で確定,
pref,04,02,023,1995,1995,-,（空欄）,（CSVでは行01の列名称が付いている）,様式の並びと合計で確定,
pref,04,02,023,1996,1996,-,（空欄）,（CSVでは行01の列名称が付いている）,様式の並びと合計で確定,
pref,04,02,023,1997,1997,-,（空欄）,（CSVでは行01の列名称が付いている）,様式の並びと合計で確定,
pref,04,02,023,1998,1998,-,（空欄）,（CSVでは行01の列名称が付いている）,様式の並びと合計で確定,
pref,04,02,023,1999,1999,-,（空欄）,（CSVでは行01の列名称が付いている）,様式の並びと合計で確定,
pref,04,02,023,2000,2000,-,（空欄）,（CSVでは行01の列名称が付いている）,様式の並びと合計で確定,
pref,04,02,024,1989,1989,-,（空欄）,（CSVでは行01の列名称が付いている）,様式の並びと合計で確定,
pref,04,02,024,1990,1990,-,（空欄）,（CSVでは行01の列名称が付いている）,様式の並びと合計で確定,
pref,04,02,024,1991,1991,-,（空欄）,（CSVでは行01の列名称が付いている）,様式の並びと合計で確定,
pref,04,02,024,1992,1992,-,（空欄）,（CSVでは行01の列名称が付いている）,様式の並びと合計で確定,
pref,04,02,024,1993,1993,-,（空欄）,（CSVでは行01の列名称が付いている）,様式の並びと合計で確定,
pref,04,02,024,1994,1994,-,（空欄）,（CSVでは行01の列名称が付いている）,様式の並びと合計で確定,
pref,04,02,024,1995,1995,-,（空欄）,（CSVでは行01の列名称が付いている）,様式の並びと合計で確定,
pref,04,02,024,1996,1996,-,（空欄）,（CSVでは行01の列名称が付いている）,様式の並びと合計で確定,
pref,04,02,024,1997,1997,-,（空欄）,（CSVでは行01の列名称が付いている）,様式の並びと合計で確定,
pref,04,02,024,1998,1998,-,（空欄）,（CSVでは行01の列名称が付いている）,様式の並びと合計で確定,
pref,04,02,024,1999,1999,-,（空欄）,（CSVでは行01の列名称が付いている）,様式の並びと合計で確定,
pref,04,02,024,2000,2000,-,（空欄）,（CSVでは行01の列名称が付いている）,様式の並びと合計で確定,
pref,04,02,025,1989,1989,-,（空欄）,（CSVでは行01の列名称が付いている）,様式の並びと合計で確定,
pref,04,02,025,1990,1990,-,（空欄）,（CSVでは行01の列名称が付いている）,様式の並びと合計で確定,
pref,04,02,025,1991,1991,-,（空欄）,（CSVでは行01の列名称が付いている）,様式の並びと合計で確定,
pref,04,02,025,1992,1992,-,（空欄）,（CSVでは行01の列名称が付いている）,様式の並びと合計で確定,
pref,04,02,025,1993,1993,-,（空欄）,（CSVでは行01の列名称が付いている）,様式の並びと合計で確定,
pref,04,02,025,1994,1994,-,（空欄）,（CSVでは行01の列名称が付いている）,様式の並びと合計で確定,
pref,04,02,025,1995,1995,-,（空欄）,（CSVでは行01の列名称が付いている）,様式の並びと合計で確定,
pref,04,02,025,1996,1996,-,（空欄）,（CSVでは行01の列名称が付いている）,様式の並びと合計で確定,
pref,04,02,025,1997,1997,-,（空欄）,（CSVでは行01の列名称が付いている）,様式の並びと合計で確定,
pref,04,02,025,1998,1998,-,（空欄）,（CSVでは行01の列名称が付いている）,様式の並びと合計で確定,
pref,04,02,025,1999,1999,-,（空欄）,（CSVでは行01の列名称が付いている）,様式の並びと合計で確定,
pref,04,02,025,2000,2000,-,（空欄）,（CSVでは行01の列名称が付いている）,様式の並びと合計で確定,
pref,04,02,026,1989,1989,-,（空欄）,（CSVでは行01の列名称が付いている）,様式の並びと合計で確定,
pref,04,02,026,1990,1990,-,（空欄）,（CSVでは行01の列名称が付いている）,様式の並びと合計で確定,
pref,04,02,026,1991,1991,-,（空欄）,（CSVでは行01の列名称が付いている）,様式の並びと合計で確定,
pref,04,02,026,1992,1992,-,（空欄）,（CSVでは行01の列名称が付いている）,様式の並びと合計で確定,
pref,04,02,026,1993,1993,-,（空欄）,（CSVでは行01の列名称が付いている）,様式の並びと合計で確定,
pref,04,02,026,1994,1994,-,（空欄）,（CSVでは行01の列名称が付いている）,様式の並びと合計で確定,
pref,04,02,026,1995,1995,-,（空欄）,（CSVでは行01の列名称が付いている）,様式の並びと合計で確定,
pref,04,02,026,1996,1996,-,（空欄）,（CSVでは行01の列名称が付いている）,様式の並びと合計で確定,
pref,04,02,026,1997,1997,-,（空欄）,（CSVでは行01の列名称が付いている）,様式の並びと合計で確定,
pref,04,02,026,1998,1998,-,（空欄）,（CSVでは行01の列名称が付いている）,様式の並びと合計で確定,
pref,04,02,026,1999,1999,-,（空欄）,（CSVでは行01の列名称が付いている）,様式の並びと合計で確定,
pref,04,02,026,2000,2000,-,（空欄）,（CSVでは行01の列名称が付いている）,様式の並びと合計で確定,
pref,04,02,027,1989,1989,-,（空欄）,（CSVでは行01の列名称が付いている）,様式の並びと合計で確定,
pref,04,02,027,1990,1990,-,（空欄）,（CSVでは行01の列名称が付いている）,様式の並びと合計で確定,
pref,04,02,027,1991,1991,-,（空欄）,（CSVでは行01の列名称が付いている）,様式の並びと合計で確定,
pref,04,02,027,1992,1992,-,（空欄）,（CSVでは行01の列名称が付いている）,様式の並びと合計で確定,
pref,04,02,027,1993,1993,-,（空欄）,（CSVでは行01の列名称が付いている）,様式の並びと合計で確定,
pref,04,02,027,1994,1994,-,（空欄）,（CSVでは行01の列名称が付いている）,様式の並びと合計で確定,
pref,04,02,027,1995,1995,-,（空欄）,（CSVでは行01の列名称が付いている）,様式の並びと合計で確定,
pref,04,02,027,1996,1996,-,（空欄）,（CSVでは行01の列名称が付いている）,様式の並びと合計で確定,
pref,04,02,027,1997,1997,-,（空欄）,（CSVでは行01の列名称が付いている）,様式の並びと合計で確定,
pref,04,02,027,1998,1998,-,（空欄）,（CSVでは行01の列名称が付いている）,様式の並びと合計で確定,
pref,04,02,027,1999,1999,-,（空欄）,（CSVでは行01の列名称が付いている）,様式の並びと合計で確定,
pref,04,02,027,2000,2000,-,（空欄）,（CSVでは行01の列名称が付いている）,様式の並びと合計で確定,
pref,04,02,028,1989,1989,-,（空欄）,（CSVでは行01の列名称が付いている）,様式の並びと合計で確定,
pref,04,02,028,1990,1990,-,（空欄）,（CSVでは行01の列名称が付いている）,様式の並びと合計で確定,
pref,04,02,028,1991,1991,-,（空欄）,（CSVでは行01の列名称が付いている）,様式の並びと合計で確定,
pref,04,02,028,1992,1992,-,（空欄）,（CSVでは行01の列名称が付いている）,様式の並びと合計で確定,
pref,04,02,028,1993,1993,-,（空欄）,（CSVでは行01の列名称が付いている）,様式の並びと合計で確定,
pref,04,02,028,1994,1994,-,（空欄）,（CSVでは行01の列名称が付いている）,様式の並びと合計で確定,
pref,04,02,028,1995,1995,-,（空欄）,（CSVでは行01の列名称が付いている）,様式の並びと合計で確定,
pref,04,02,028,1996,1996,-,（空欄）,（CSVでは行01の列名称が付いている）,様式の並びと合計で確定,
pref,04,02,028,1997,1997,-,（空欄）,（CSVでは行01の列名称が付いている）,様式の並びと合計で確定,
pref,04,02,028,1998,1998,-,（空欄）,（CSVでは行01の列名称が付いている）,様式の並びと合計で確定,
pref,04,02,028,1999,1999,-,（空欄）,（CSVでは行01の列名称が付いている）,様式の並びと合計で確定,
pref,04,02,028,2000,2000,-,（空欄）,（CSVでは行01の列名称が付いている）,様式の並びと合計で確定,
pref,04,02,029,1989,1989,-,（空欄）,（CSVでは行01の列名称が付いている）,様式の並びと合計で確定,
pref,04,02,029,1990,1990,-,（空欄）,（CSVでは行01の列名称が付いている）,様式の並びと合計で確定,
pref,04,02,029,1991,1991,-,（空欄）,（CSVでは行01の列名称が付いている）,様式の並びと合計で確定,
pref,04,02,029,1992,1992,-,（空欄）,（CSVでは行01の列名称が付いている）,様式の並びと合計で確定,
pref,04,02,029,1993,1993,-,（空欄）,（CSVでは行01の列名称が付いている）,様式の並びと合計で確定,
pref,04,02,029,1994,1994,-,（空欄）,（CSVでは行01の列名称が付いている）,様式の並びと合計で確定,
pref,04,02,029,1995,1995,-,（空欄）,（CSVでは行01の列名称が付いている）,様式の並びと合計で確定,
pref,04,02,029,1996,1996,-,（空欄）,（CSVでは行01の列名称が付いている）,様式の並びと合計で確定,
pref,04,02,029,1997,1997,-,（空欄）,（CSVでは行01の列名称が付いている）,様式の並びと合計で確定,
pref,04,02,029,1998,1998,-,（空欄）,（CSVでは行01の列名称が付いている）,様式の並びと合計で確定,
pref,04,02,029,1999,1999,-,（空欄）,（CSVでは行01の列名称が付いている）,様式の並びと合計で確定,
pref,04,02,029,2000,2000,-,（空欄）,（CSVでは行01の列名称が付いている）,様式の並びと合計で確定,
pref,04,02,030,1989,1989,-,（空欄）,（CSVでは行01の列名称が付いている）,様式の並びと合計で確定,
pref,04,02,030,1990,1990,-,（空欄）,（CSVでは行01の列名称が付いている）,様式の並びと合計で確定,
pref,04,02,030,1991,1991,-,（空欄）,（CSVでは行01の列名称が付いている）,様式の並びと合計で確定,
pref,04,02,030,1992,1992,-,（空欄）,（CSVでは行01の列名称が付いている）,様式の並びと合計で確定,
pref,04,02,030,1993,1993,-,（空欄）,（CSVでは行01の列名称が付いている）,様式の並びと合計で確定,
pref,04,02,030,1994,1994,-,（空欄）,（CSVでは行01の列名称が付いている）,様式の並びと合計で確定,
pref,04,02,030,1995,1995,-,（空欄）,（CSVでは行01の列名称が付いている）,様式の並びと合計で確定,
pref,04,02,030,1996,1996,-,（空欄）,（CSVでは行01の列名称が付いている）,様式の並びと合計で確定,
pref,04,02,030,1997,1997,-,（空欄）,（CSVでは行01の列名称が付いている）,様式の並びと合計で確定,
pref,04,02,030,1998,1998,-,（空欄）,（CSVでは行01の列名称が付いている）,様式の並びと合計で確定,
pref,04,02,030,1999,1999,-,（空欄）,（CSVでは行01の列名称が付いている）,様式の並びと合計で確定,
pref,04,02,030,2000,2000,-,（空欄）,（CSVでは行01の列名称が付いている）,様式の並びと合計で確定,
pref,04,02,031,1989,1989,-,（空欄）,（CSVでは行01の列名称が付いている）,様式の並びと合計で確定,
pref,04,02,031,1990,1990,-,（空欄）,（CSVでは行01の列名称が付いている）,様式の並びと合計で確定,
pref,04,02,031,1991,1991,-,（空欄）,（CSVでは行01の列名称が付いている）,様式の並びと合計で確定,
pref,04,02,031,1992,1992,-,（空欄）,（CSVでは行01の列名称が付いている）,様式の並びと合計で確定,
pref,04,02,031,1993,1993,-,（空欄）,（CSVでは行01の列名称が付いている）,様式の並びと合計で確定,
pref,04,02,031,1994,1994,-,（空欄）,（CSVでは行01の列名称が付いている）,様式の並びと合計で確定,
pref,04,02,031,1995,1995,-,（空欄）,（CSVでは行01の列名称が付いている）,様式の並びと合計で確定,
pref,04,02,031,1996,1996,-,（空欄）,（CSVでは行01の列名称が付いている）,様式の並びと合計で確定,
pref,04,02,031,1997,1997,-,（空欄）,（CSVでは行01の列名称が付いている）,様式の並びと合計で確定,
pref,04,02,031,1998,1998,-,（空欄）,（CSVでは行01の列名称が付いている）,様式の並びと合計で確定,
pref,04,02,031,1999,1999,-,（空欄）,（CSVでは行01の列名称が付いている）,様式の並びと合計で確定,
pref,04,02,031,2000,2000,-,（空欄）,（CSVでは行01の列名称が付いている）,様式の並びと合計で確定,
pref,04,02,032,1989,1989,-,（空欄）,（CSVでは行01の列名称が付いている）,様式の並びと合計で確定,
pref,04,02,032,1990,1990,-,（空欄）,（CSVでは行01の列名称が付いている）,様式の並びと合計で確定,
pref,04,02,032,1991,1991,-,（空欄）,（CSVでは行01の列名称が付いている）,様式の並びと合計で確定,
pref,04,02,032,1992,1992,-,（空欄）,（CSVでは行01の列名称が付いている）,様式の並びと合計で確定,
pref,04,02,032,1993,1993,-,（空欄）,（CSVでは行01の列名称が付いている）,様式の並びと合計で確定,
pref,04,02,032,1994,1994,-,（空欄）,（CSVでは行01の列名称が付いている）,様式の並びと合計で確定,
pref,04,02,032,1995,1995,-,（空欄）,（CSVでは行01の列名称が付いている）,様式の並びと合計で確定,
pref,04,02,032,1996,1996,-,（空欄）,（CSVでは行01の列名称が付いている）,様式の並びと合計で確定,
pref,04,02,032,1997,1997,-,（空欄）,（CSVでは行01の列名称が付いている）,様式の並びと合計で確定,
pref,04,02,032,1998,1998,-,（空欄）,（CSVでは行01の列名称が付いている）,様式の並びと合計で確定,
pref,04,02,032,1999,1999,-,（空欄）,（CSVでは行01の列名称が付いている）,様式の並びと合計で確定,
pref,04,02,032,2000,2000,-,（空欄）,（CSVでは行01の列名称が付いている）,様式の並びと合計で確定,
pref,04,02,033,1989,1989,-,（空欄）,（CSVでは行01の列名称が付いている）,様式の並びと合計で確定,
pref,04,02,033,1990,1990,-,（空欄）,（CSVでは行01の列名称が付いている）,様式の並びと合計で確定,
pref,04,02,033,1991,1991,-,（空欄）,（CSVでは行01の列名称が付いている）,様式の並びと合計で確定,
pref,04,02,033,1992,1992,-,（空欄）,（CSVでは行01の列名称が付いている）,様式の並びと合計で確定,
pref,04,02,033,1993,1993,-,（空欄）,（CSVでは行01の列名称が付いている）,様式の並びと合計で確定,
pref,04,02,033,1994,1994,-,（空欄）,（CSVでは行01の列名称が付いている）,様式の並びと合計で確定,
pref,04,02,033,1995,1995,-,（空欄）,（CSVでは行01の列名称が付いている）,様式の並びと合計で確定,
pref,04,02,033,1996,1996,-,（空欄）,（CSVでは行01の列名称が付いている）,様式の並びと合計で確定,
pref,04,02,033,1997,1997,-,（空欄）,（CSVでは行01の列名称が付いている）,様式の並びと合計で確定,
pref,04,02,033,1998,1998,-,（空欄）,（CSVでは行01の列名称が付いている）,様式の並びと合計で確定,
pref,04,02,033,1999,1999,-,（空欄）,（CSVでは行01の列名称が付いている）,様式の並びと合計で確定,
pref,04,02,033,2000,2000,-,（空欄）,（CSVでは行01の列名称が付いている）,様式の並びと合計で確定,
pref,04,02,034,1989,1989,-,（空欄）,（CSVでは行01の列名称が付いている）,様式の並びと合計で確定,
pref,04,02,034,1990,1990,-,（空欄）,（CSVでは行01の列名称が付いている）,様式の並びと合計で確定,
pref,04,02,034,1991,1991,-,（空欄）,（CSVでは行01の列名称が付いている）,様式の並びと合計で確定,
pref,04,02,034,1992,1992,-,（空欄）,（CSVでは行01の列名称が付いている）,様式の並びと合計で確定,
pref,04,02,034,1993,1993,-,（空欄）,（CSVでは行01の列名称が付いている）,様式の並びと合計で確定,
pref,04,02,034,1994,1994,-,（空欄）,（CSVでは行01の列名称が付いている）,様式の並びと合計で確定,
pref,04,02,034,1995,1995,-,（空欄）,（CSVでは行01の列名称が付いている）,様式の並びと合計で確定,
pref,04,02,034,1996,1996,-,（空欄）,（CSVでは行01の列名称が付いている）,様式の並びと合計で確定,
pref,04,02,034,1997,1997,-,（空欄）,（CSVでは行01の列名称が付いている）,様式の並びと合計で確定,
pref,04,02,034,1998,1998,-,（空欄）,（CSVでは行01の列名称が付いている）,様式の並びと合計で確定,
pref,04,02,034,1999,1999,-,（空欄）,（CSVでは行01の列名称が付いている）,様式の並びと合計で確定,
pref,04,02,034,2000,2000,-,（空欄）,（CSVでは行01の列名称が付いている）,様式の並びと合計で確定,
pref,04,02,035,1989,1989,-,（空欄）,（CSVでは行01の列名称が付いている）,様式の並びと合計で確定,
pref,04,02,035,1990,1990,-,（空欄）,（CSVでは行01の列名称が付いている）,様式の並びと合計で確定,
pref,04,02,035,1991,1991,-,（空欄）,（CSVでは行01の列名称が付いている）,様式の並びと合計で確定,
pref,04,02,035,1992,1992,-,（空欄）,（CSVでは行01の列名称が付いている）,様式の並びと合計で確定,
pref,04,02,035,1993,1993,-,（空欄）,（CSVでは行01の列名称が付いている）,様式の並びと合計で確定,
pref,04,02,035,1994,1994,-,（空欄）,（CSVでは行01の列名称が付いている）,様式の並びと合計で確定,
pref,04,02,035,1995,1995,-,（空欄）,（CSVでは行01の列名称が付いている）,様式の並びと合計で確定,
pref,04,02,035,1996,1996,-,（空欄）,（CSVでは行01の列名称が付いている）,様式の並びと合計で確定,
pref,04,02,035,1997,1997,-,（空欄）,（CSVでは行01の列名称が付いている）,様式の並びと合計で確定,
pref,04,02,035,1998,1998,-,（空欄）,（CSVでは行01の列名称が付いている）,様式の並びと合計で確定,
pref,04,02,035,1999,1999,-,（空欄）,（CSVでは行01の列名称が付いている）,様式の並びと合計で確定,
pref,04,02,035,2000,2000,-,（空欄）,（CSVでは行01の列名称が付いている）,様式の並びと合計で確定,
pref,04,02,036,1989,1989,-,（空欄）,（CSVでは行01の列名称が付いている）,様式の並びと合計で確定,
pref,04,02,036,1990,1990,-,（空欄）,（CSVでは行01の列名称が付いている）,様式の並びと合計で確定,
pref,04,02,036,1991,1991,-,（空欄）,（CSVでは行01の列名称が付いている）,様式の並びと合計で確定,
pref,04,02,036,1992,1992,-,（空欄）,（CSVでは行01の列名称が付いている）,様式の並びと合計で確定,
pref,04,02,036,1993,1993,-,（空欄）,（CSVでは行01の列名称が付いている）,様式の並びと合計で確定,
pref,04,02,036,1994,1994,-,（空欄）,（CSVでは行01の列名称が付いている）,様式の並びと合計で確定,
pref,04,02,036,1995,1995,-,（空欄）,（CSVでは行01の列名称が付いている）,様式の並びと合計で確定,
pref,04,02,036,1996,1996,-,（空欄）,（CSVでは行01の列名称が付いている）,様式の並びと合計で確定,
pref,04,02,036,1997,1997,-,（空欄）,（CSVでは行01の列名称が付いている）,様式の並びと合計で確定,
pref,04,02,036,1998,1998,-,（空欄）,（CSVでは行01の列名称が付いている）,様式の並びと合計で確定,
pref,04,02,036,1999,1999,-,（空欄）,（CSVでは行01の列名称が付いている）,様式の並びと合計で確定,
pref,04,02,036,2000,2000,-,（空欄）,（CSVでは行01の列名称が付いている）,様式の並びと合計で確定,
pref,04,02,037,1989,1989,-,（空欄）,（CSVでは行01の列名称が付いている）,様式の並びと合計で確定,
pref,04,02,037,1990,1990,-,（空欄）,（CSVでは行01の列名称が付いている）,様式の並びと合計で確定,
pref,04,02,037,1991,1991,-,（空欄）,（CSVでは行01の列名称が付いている）,様式の並びと合計で確定,
pref,04,02,037,1992,1992,-,（空欄）,（CSVでは行01の列名称が付いている）,様式の並びと合計で確定,
pref,04,02,037,1993,1993,-,（空欄）,（CSVでは行01の列名称が付いている）,様式の並びと合計で確定,
pref,04,02,037,1994,1994,-,（空欄）,（CSVでは行01の列名称が付いている）,様式の並びと合計で確定,
pref,04,02,037,1995,1995,-,（空欄）,（CSVでは行01の列名称が付いている）,様式の並びと合計で確定,
pref,04,02,037,1996,1996,-,（空欄）,（CSVでは行01の列名称が付いている）,様式の並びと合計で確定,
pref,04,02,037,1997,1997,-,（空欄）,（CSVでは行01の列名称が付いている）,様式の並びと合計で確定,
pref,04,02,037,1998,1998,-,（空欄）,（CSVでは行01の列名称が付いている）,様式の並びと合計で確定,
pref,04,02,037,1999,1999,-,（空欄）,（CSVでは行01の列名称が付いている）,様式の並びと合計で確定,
pref,04,02,037,2000,2000,-,（空欄）,（CSVでは行01の列名称が付いている）,様式の並びと合計で確定,
pref,04,02,038,1989,1989,-,（空欄）,（CSVでは行01の列名称が付いている）,様式の並びと合計で確定,
pref,04,02,038,1990,1990,-,（空欄）,（CSVでは行01の列名称が付いている）,様式の並びと合計で確定,
pref,04,02,038,1991,1991,-,（空欄）,（CSVでは行01の列名称が付いている）,様式の並びと合計で確定,
pref,04,02,038,1992,1992,-,（空欄）,（CSVでは行01の列名称が付いている）,様式の並びと合計で確定,
pref,04,02,038,1993,1993,-,（空欄）,（CSVでは行01の列名称が付いている）,様式の並びと合計で確定,
pref,04,02,038,1994,1994,-,（空欄）,（CSVでは行01の列名称が付いている）,様式の並びと合計で確定,
pref,04,02,038,1995,1995,-,（空欄）,（CSVでは行01の列名称が付いている）,様式の並びと合計で確定,
pref,04,02,038,1996,1996,-,（空欄）,（CSVでは行01の列名称が付いている）,様式の並びと合計で確定,
pref,04,02,038,1997,1997,-,（空欄）,（CSVでは行01の列名称が付いている）,様式の並びと合計で確定,
pref,04,02,038,1998,1998,-,（空欄）,（CSVでは行01の列名称が付いている）,様式の並びと合計で確定,
pref,04,02,038,1999,1999,-,（空欄）,（CSVでは行01の列名称が付いている）,様式の並びと合計で確定,
pref,04,02,038,2000,2000,-,（空欄）,（CSVでは行01の列名称が付いている）,様式の並びと合計で確定,
pref,04,02,039,1989,1989,-,（空欄）,（CSVでは行01の列名称が付いている）,様式の並びと合計で確定,
pref,04,02,039,1990,1990,-,（空欄）,（CSVでは行01の列名称が付いている）,様式の並びと合計で確定,
pref,04,02,039,1991,1991,-,（空欄）,（CSVでは行01の列名称が付いている）,様式の並びと合計で確定,
pref,04,02,039,1992,1992,-,（空欄）,（CSVでは行01の列名称が付いている）,様式の並びと合計で確定,
pref,04,02,039,1993,1993,-,（空欄）,（CSVでは行01の列名称が付いている）,様式の並びと合計で確定,
pref,04,02,039,1994,1994,-,（空欄）,（CSVでは行01の列名称が付いている）,様式の並びと合計で確定,
pref,04,02,039,1995,1995,-,（空欄）,（CSVでは行01の列名称が付いている）,様式の並びと合計で確定,
pref,04,02,039,1996,1996,-,（空欄）,（CSVでは行01の列名称が付いている）,様式の並びと合計で確定,
pref,04,02,039,1997,1997,-,（空欄）,（CSVでは行01の列名称が付いている）,様式の並びと合計で確定,
pref,04,02,039,1998,1998,-,（空欄）,（CSVでは行01の列名称が付いている）,様式の並びと合計で確定,
pref,04,02,039,1999,1999,-,（空欄）,（CSVでは行01の列名称が付いている）,様式の並びと合計で確定,
pref,04,02,039,2000,2000,-,（空欄）,（CSVでは行01の列名称が付いている）,様式の並びと合計で確定,
pref,04,02,040,1989,1989,-,（空欄）,（CSVでは行01の列名称が付いている）,様式の並びと合計で確定,
pref,04,02,040,1990,1990,-,（空欄）,（CSVでは行01の列名称が付いている）,様式の並びと合計で確定,
pref,04,02,040,1991,1991,-,（空欄）,（CSVでは行01の列名称が付いている）,様式の並びと合計で確定,
pref,04,02,040,1992,1992,-,（空欄）,（CSVでは行01の列名称が付いている）,様式の並びと合計で確定,
pref,04,02,040,1993,1993,-,（空欄）,（CSVでは行01の列名称が付いている）,様式の並びと合計で確定,
pref,04,02,040,1994,1994,-,（空欄）,（CSVでは行01の列名称が付いている）,様式の並びと合計で確定,
pref,04,02,040,1995,1995,-,（空欄）,（CSVでは行01の列名称が付いている）,様式の並びと合計で確定,
pref,04,02,040,1996,1996,-,（空欄）,（CSVでは行01の列名称が付いている）,様式の並びと合計で確定,
pref,04,02,040,1997,1997,-,（空欄）,（CSVでは行01の列名称が付いている）,様式の並びと合計で確定,
pref,04,02,040,1998,1998,-,（空欄）,（CSVでは行01の列名称が付いている）,様式の並びと合計で確定,
pref,04,02,040,1999,1999,-,（空欄）,（CSVでは行01の列名称が付いている）,様式の並びと合計で確定,
pref,04,02,040,2000,2000,-,（空欄）,（CSVでは行01の列名称が付いている）,様式の並びと合計で確定,
pref,04,02,041,1989,1989,-,（空欄）,（CSVでは行01の列名称が付いている）,様式の並びと合計で確定,
pref,04,02,041,1990,1990,-,（空欄）,（CSVでは行01の列名称が付いている）,様式の並びと合計で確定,
pref,04,02,041,1991,1991,-,（空欄）,（CSVでは行01の列名称が付いている）,様式の並びと合計で確定,
pref,04,02,041,1992,1992,-,（空欄）,（CSVでは行01の列名称が付いている）,様式の並びと合計で確定,
pref,04,02,041,1993,1993,-,（空欄）,（CSVでは行01の列名称が付いている）,様式の並びと合計で確定,
pref,04,02,041,1994,1994,-,（空欄）,（CSVでは行01の列名称が付いている）,様式の並びと合計で確定,
pref,04,02,041,1995,1995,-,（空欄）,（CSVでは行01の列名称が付いている）,様式の並びと合計で確定,
pref,04,02,041,1996,1996,-,（空欄）,（CSVでは行01の列名称が付いている）,様式の並びと合計で確定,
pref,04,02,041,1997,1997,-,（空欄）,（CSVでは行01の列名称が付いている）,様式の並びと合計で確定,
pref,04,02,041,1998,1998,-,（空欄）,（CSVでは行01の列名称が付いている）,様式の並びと合計で確定,
pref,04,02,041,1999,1999,-,（空欄）,（CSVでは行01の列名称が付いている）,様式の並びと合計で確定,
pref,04,02,041,2000,2000,-,（空欄）,（CSVでは行01の列名称が付いている）,様式の並びと合計で確定,
pref,04,02,042,1989,1989,-,（空欄）,（CSVでは行01の列名称が付いている）,様式の並びと合計で確定,
pref,04,02,042,1990,1990,-,（空欄）,（CSVでは行01の列名称が付いている）,様式の並びと合計で確定,
pref,04,02,042,1991,1991,-,（空欄）,（CSVでは行01の列名称が付いている）,様式の並びと合計で確定,
pref,04,02,042,1992,1992,-,（空欄）,（CSVでは行01の列名称が付いている）,様式の並びと合計で確定,
pref,04,02,042,1993,1993,-,（空欄）,（CSVでは行01の列名称が付いている）,様式の並びと合計で確定,
pref,04,02,042,1994,1994,-,（空欄）,（CSVでは行01の列名称が付いている）,様式の並びと合計で確定,
pref,04,02,042,1995,1995,-,（空欄）,（CSVでは行01の列名称が付いている）,様式の並びと合計で確定,
pref,04,02,042,1996,1996,-,（空欄）,（CSVでは行01の列名称が付いている）,様式の並びと合計で確定,
pref,04,02,042,1997,1997,-,（空欄）,（CSVでは行01の列名称が付いている）,様式の並びと合計で確定,
pref,04,02,042,1998,1998,-,（空欄）,（CSVでは行01の列名称が付いている）,様式の並びと合計で確定,
pref,04,02,042,1999,1999,-,（空欄）,（CSVでは行01の列名称が付いている）,様式の並びと合計で確定,
pref,04,02,042,2000,2000,-,（空欄）,（CSVでは行01の列名称が付いている）,様式の並びと合計で確定,
pref,04,02,043,1989,1989,-,（空欄）,（CSVでは行01の列名称が付いている）,様式の並びと合計で確定,
pref,04,02,043,1990,1990,-,（空欄）,（CSVでは行01の列名称が付いている）,様式の並びと合計で確定,
pref,04,02,043,1991,1991,-,（空欄）,（CSVでは行01の列名称が付いている）,様式の並びと合計で確定,
pref,04,02,043,1992,1992,-,（空欄）,（CSVでは行01の列名称が付いている）,様式の並びと合計で確定,
pref,04,02,043,1993,1993,-,（空欄）,（CSVでは行01の列名称が付いている）,様式の並びと合計で確定,
pref,04,02,043,1994,1994,-,（空欄）,（CSVでは行01の列名称が付いている）,様式の並びと合計で確定,
pref,04,02,043,1995,1995,-,（空欄）,（CSVでは行01の列名称が付いている）,様式の並びと合計で確定,
pref,04,02,043,1996,1996,-,（空欄）,（CSVでは行01の列名称が付いている）,様式の並びと合計で確定,
pref,04,02,043,1997,1997,-,（空欄）,（CSVでは行01の列名称が付いている）,様式の並びと合計で確定,
pref,04,02,043,1998,1998,-,（空欄）,（CSVでは行01の列名称が付いている）,様式の並びと合計で確定,
pref,04,02,043,1999,1999,-,（空欄）,（CSVでは行01の列名称が付いている）,様式の並びと合計で確定,
pref,04,02,043,2000,2000,-,（空欄）,（CSVでは行01の列名称が付いている）,様式の並びと合計で確定,
pref,04,02,044,1989,1989,-,（空欄）,（CSVでは行01の列名称が付いている）,様式の並びと合計で確定,
pref,04,02,044,1990,1990,-,（空欄）,（CSVでは行01の列名称が付いている）,様式の並びと合計で確定,
pref,04,02,044,1991,1991,-,（空欄）,（CSVでは行01の列名称が付いている）,様式の並びと合計で確定,
pref,04,02,044,1992,1992,-,（空欄）,（CSVでは行01の列名称が付いている）,様式の並びと合計で確定,
pref,04,02,044,1993,1993,-,（空欄）,（CSVでは行01の列名称が付いている）,様式の並びと合計で確定,
pref,04,02,044,1994,1994,-,（空欄）,（CSVでは行01の列名称が付いている）,様式の並びと合計で確定,
pref,04,02,044,1995,1995,-,（空欄）,（CSVでは行01の列名称が付いている）,様式の並びと合計で確定,
pref,04,02,044,1996,1996,-,（空欄）,（CSVでは行01の列名称が付いている）,様式の並びと合計で確定,
pref,04,02,044,1997,1997,-,（空欄）,（CSVでは行01の列名称が付いている）,様式の並びと合計で確定,
pref,04,02,044,1998,1998,-,（空欄）,（CSVでは行01の列名称が付いている）,様式の並びと合計で確定,
pref,04,02,044,1999,1999,-,（空欄）,（CSVでは行01の列名称が付いている）,様式の並びと合計で確定,
pref,04,02,044,2000,2000,-,（空欄）,（CSVでは行01の列名称が付いている）,様式の並びと合計で確定,
pref,04,02,045,1989,1989,-,（空欄）,（CSVでは行01の列名称が付いている）,様式の並びと合計で確定,
pref,04,02,045,1990,1990,-,（空欄）,（CSVでは行01の列名称が付いている）,様式の並びと合計で確定,
pref,04,02,045,1991,1991,-,（空欄）,（CSVでは行01の列名称が付いている）,様式の並びと合計で確定,
pref,04,02,045,1992,1992,-,（空欄）,（CSVでは行01の列名称が付いている）,様式の並びと合計で確定,
pref,04,02,045,1993,1993,-,（空欄）,（CSVでは行01の列名称が付いている）,様式の並びと合計で確定,
pref,04,02,045,1994,1994,-,（空欄）,（CSVでは行01の列名称が付いている）,様式の並びと合計で確定,
pref,04,02,045,1995,1995,-,（空欄）,（CSVでは行01の列名称が付いている）,様式の並びと合計で確定,
pref,04,02,045,1996,1996,-,（空欄）,（CSVでは行01の列名称が付いている）,様式の並びと合計で確定,
pref,04,02,045,1997,1997,-,（空欄）,（CSVでは行01の列名称が付いている）,様式の並びと合計で確定,
pref,04,02,045,1998,1998,-,（空欄）,（CSVでは行01の列名称が付いている）,様式の並びと合計で確定,
pref,04,02,045,1999,1999,-,（空欄）,（CSVでは行01の列名称が付いている）,様式の並びと合計で確定,
pref,04,02,045,2000,2000,-,（空欄）,（CSVでは行01の列名称が付いている）,様式の並びと合計で確定,
pref,04,02,046,1989,1989,-,（空欄）,（CSVでは行01の列名称が付いている）,様式の並びと合計で確定,
pref,04,02,046,1990,1990,-,（空欄）,（CSVでは行01の列名称が付いている）,様式の並びと合計で確定,
pref,04,02,046,1991,1991,-,（空欄）,（CSVでは行01の列名称が付いている）,様式の並びと合計で確定,
pref,04,02,046,1992,1992,-,（空欄）,（CSVでは行01の列名称が付いている）,様式の並びと合計で確定,
pref,04,02,046,1993,1993,-,（空欄）,（CSVでは行01の列名称が付いている）,様式の並びと合計で確定,
pref,04,02,046,1994,1994,-,（空欄）,（CSVでは行01の列名称が付いている）,様式の並びと合計で確定,
pref,04,02,046,1995,1995,-,（空欄）,（CSVでは行01の列名称が付いている）,様式の並びと合計で確定,
pref,04,02,046,1996,1996,-,（空欄）,（CSVでは行01の列名称が付いている）,様式の並びと合計で確定,
pref,04,02,046,1997,1997,-,（空欄）,（CSVでは行01の列名称が付いている）,様式の並びと合計で確定,
pref,04,02,046,1998,1998,-,（空欄）,（CSVでは行01の列名称が付いている）,様式の並びと合計で確定,
pref,04,02,046,1999,1999,-,（空欄）,（CSVでは行01の列名称が付いている）,様式の並びと合計で確定,
pref,04,02,046,2000,2000,-,（空欄）,（CSVでは行01の列名称が付いている）,様式の並びと合計で確定,
pref,04,02,047,1989,1989,-,（空欄）,（CSVでは行01の列名称が付いている）,様式の並びと合計で確定,
pref,04,02,047,1990,1990,-,（空欄）,（CSVでは行01の列名称が付いている）,様式の並びと合計で確定,
pref,04,02,047,1991,1991,-,（空欄）,（CSVでは行01の列名称が付いている）,様式の並びと合計で確定,
pref,04,02,047,1992,1992,-,（空欄）,（CSVでは行01の列名称が付いている）,様式の並びと合計で確定,
pref,04,02,047,1993,1993,-,（空欄）,（CSVでは行01の列名称が付いている）,様式の並びと合計で確定,
pref,04,02,047,1994,1994,-,（空欄）,（CSVでは行01の列名称が付いている）,様式の並びと合計で確定,
pref,04,02,047,1995,1995,-,（空欄）,（CSVでは行01の列名称が付いている）,様式の並びと合計で確定,
pref,04,02,047,1996,1996,-,（空欄）,（CSVでは行01の列名称が付いている）,様式の並びと合計で確定,
pref,04,02,047,1997,1997,-,（空欄）,（CSVでは行01の列名称が付いている）,様式の並びと合計で確定,
pref,04,02,047,1998,1998,-,（空欄）,（CSVでは行01の列名称が付いている）,様式の並びと合計で確定,
pref,04,02,047,1999,1999,-,（空欄）,（CSVでは行01の列名称が付いている）,様式の並びと合計で確定,
pref,04,02,047,2000,2000,-,（空欄）,（CSVでは行01の列名称が付いている）,様式の並びと合計で確定,
pref,04,02,048,1989,1989,-,（空欄）,（CSVでは行01の列名称が付いている）,様式の並びと合計で確定,
pref,04,02,048,1990,1990,-,（空欄）,（CSVでは行01の列名称が付いている）,様式の並びと合計で確定,
pref,04,02,048,1991,1991,-,（空欄）,（CSVでは行01の列名称が付いている）,様式の並びと合計で確定,
pref,04,02,048,1992,1992,-,（空欄）,（CSVでは行01の列名称が付いている）,様式の並びと合計で確定,
pref,04,02,048,1993,1993,-,（空欄）,（CSVでは行01の列名称が付いている）,様式の並びと合計で確定,
pref,04,02,048,1994,1994,-,（空欄）,（CSVでは行01の列名称が付いている）,様式の並びと合計で確定,
pref,04,02,048,1995,1995,-,（空欄）,（CSVでは行01の列名称が付いている）,様式の並びと合計で確定,
pref,04,02,048,1996,1996,-,（空欄）,（CSVでは行01の列名称が付いている）,様式の並びと合計で確定,
pref,04,02,048,1997,1997,-,（空欄）,（CSVでは行01の列名称が付いている）,様式の並びと合計で確定,
pref,04,02,048,1998,1998,-,（空欄）,（CSVでは行01の列名称が付いている）,様式の並びと合計で確定,
pref,04,02,048,1999,1999,-,（空欄）,（CSVでは行01の列名称が付いている）,様式の並びと合計で確定,
pref,04,02,048,2000,2000,-,（空欄）,（CSVでは行01の列名称が付いている）,様式の並びと合計で確定,
pref,04,02,049,1989,1989,-,（空欄）,（CSVでは行01の列名称が付いている）,様式の並びと合計で確定,
pref,04,02,049,1990,1990,-,（空欄）,（CSVでは行01の列名称が付いている）,様式の並びと合計で確定,
pref,04,02,049,1991,1991,-,（空欄）,（CSVでは行01の列名称が付いている）,様式の並びと合計で確定,
pref,04,02,049,1992,1992,-,（空欄）,（CSVでは行01の列名称が付いている）,様式の並びと合計で確定,
pref,04,02,049,1993,1993,-,（空欄）,（CSVでは行01の列名称が付いている）,様式の並びと合計で確定,
pref,04,02,049,1994,1994,-,（空欄）,（CSVでは行01の列名称が付いている）,様式の並びと合計で確定,
pref,04,02,049,1995,1995,-,（空欄）,（CSVでは行01の列名称が付いている）,様式の並びと合計で確定,
pref,04,02,049,1996,1996,-,（空欄）,（CSVでは行01の列名称が付いている）,様式の並びと合計で確定,
pref,04,02,049,1997,1997,-,（空欄）,（CSVでは行01の列名称が付いている）,様式の並びと合計で確定,
pref,04,02,049,1998,1998,-,（空欄）,（CSVでは行01の列名称が付いている）,様式の並びと合計で確定,
pref,04,02,049,1999,1999,-,（空欄）,（CSVでは行01の列名称が付いている）,様式の並びと合計で確定,
pref,04,02,049,2000,2000,-,（空欄）,（CSVでは行01の列名称が付いている）,様式の並びと合計で確定,
pref,04,02,050,1989,1989,-,（空欄）,（CSVでは行01の列名称が付いている）,様式の並びと合計で確定,
pref,04,02,050,1990,1990,-,（空欄）,（CSVでは行01の列名称が付いている）,様式の並びと合計で確定,
pref,04,02,050,1991,1991,-,（空欄）,（CSVでは行01の列名称が付いている）,様式の並びと合計で確定,
pref,04,02,050,1992,1992,-,（空欄）,（CSVでは行01の列名称が付いている）,様式の並びと合計で確定,
pref,04,02,050,1993,1993,-,（空欄）,（CSVでは行01の列名称が付いている）,様式の並びと合計で確定,
pref,04,02,050,1994,1994,-,（空欄）,（CSVでは行01の列名称が付いている）,様式の並びと合計で確定,
pref,04,02,050,1995,1995,-,（空欄）,（CSVでは行01の列名称が付いている）,様式の並びと合計で確定,
pref,04,02,050,1996,1996,-,（空欄）,（CSVでは行01の列名称が付いている）,様式の並びと合計で確定,
pref,04,02,050,1997,1997,-,（空欄）,（CSVでは行01の列名称が付いている）,様式の並びと合計で確定,
pref,04,02,050,1998,1998,-,（空欄）,（CSVでは行01の列名称が付いている）,様式の並びと合計で確定,
pref,04,02,050,1999,1999,-,（空欄）,（CSVでは行01の列名称が付いている）,様式の並びと合計で確定,
pref,04,02,050,2000,2000,-,（空欄）,（CSVでは行01の列名称が付いている）,様式の並びと合計で確定,
pref,04,02,051,1989,1989,-,（空欄）,（CSVでは行01の列名称が付いている）,様式の並びと合計で確定,
pref,04,02,051,1990,1990,-,（空欄）,（CSVでは行01の列名称が付いている）,様式の並びと合計で確定,
pref,04,02,051,1991,1991,-,（空欄）,（CSVでは行01の列名称が付いている）,様式の並びと合計で確定,
pref,04,02,051,1992,1992,-,（空欄）,（CSVでは行01の列名称が付いている）,様式の並びと合計で確定,
pref,04,02,051,1993,1993,-,（空欄）,（CSVでは行01の列名称が付いている）,様式の並びと合計で確定,
pref,04,02,051,1994,1994,-,（空欄）,（CSVでは行01の列名称が付いている）,様式の並びと合計で確定,
pref,04,02,051,1995,1995,-,（空欄）,（CSVでは行01の列名称が付いている）,様式の並びと合計で確定,
pref,04,02,051,1996,1996,-,（空欄）,（CSVでは行01の列名称が付いている）,様式の並びと合計で確定,
pref,04,02,051,1997,1997,-,（空欄）,（CSVでは行01の列名称が付いている）,様式の並びと合計で確定,
pref,04,02,051,1998,1998,-,（空欄）,（CSVでは行01の列名称が付いている）,様式の並びと合計で確定,
pref,04,02,051,1999,1999,-,（空欄）,（CSVでは行01の列名称が付いている）,様式の並びと合計で確定,
pref,04,02,051,2000,2000,-,（空欄）,（CSVでは行01の列名称が付いている）,様式の並びと合計で確定,
pref,04,02,052,1989,1989,-,（空欄）,（CSVでは行01の列名称が付いている）,様式の並びと合計で確定,
pref,04,02,052,1990,1990,-,（空欄）,（CSVでは行01の列名称が付いている）,様式の並びと合計で確定,
pref,04,02,052,1991,1991,-,（空欄）,（CSVでは行01の列名称が付いている）,様式の並びと合計で確定,
pref,04,02,052,1992,1992,-,（空欄）,（CSVでは行01の列名称が付いている）,様式の並びと合計で確定,
pref,04,02,052,1993,1993,-,（空欄）,（CSVでは行01の列名称が付いている）,様式の並びと合計で確定,
pref,04,02,052,1994,1994,-,（空欄）,（CSVでは行01の列名称が付いている）,様式の並びと合計で確定,
pref,04,02,052,1995,1995,-,（空欄）,（CSVでは行01の列名称が付いている）,様式の並びと合計で確定,
pref,04,02,052,1996,1996,-,（空欄）,（CSVでは行01の列名称が付いている）,様式の並びと合計で確定,
pref,04,02,052,1997,1997,-,（空欄）,（CSVでは行01の列名称が付いている）,様式の並びと合計で確定,
pref,04,02,052,1998,1998,-,（空欄）,（CSVでは行01の列名称が付いている）,様式の並びと合計で確定,
pref,04,02,052,1999,1999,-,（空欄）,（CSVでは行01の列名称が付いている）,様式の並びと合計で確定,
pref,04,02,052,2000,2000,-,（空欄）,（CSVでは行01の列名称が付いている）,様式の並びと合計で確定,
pref,04,02,053,1989,1989,-,（空欄）,（CSVでは行01の列名称が付いている）,様式の並びと合計で確定,
pref,04,02,053,1990,1990,-,（空欄）,（CSVでは行01の列名称が付いている）,様式の並びと合計で確定,
pref,04,02,053,1991,1991,-,（空欄）,（CSVでは行01の列名称が付いている）,様式の並びと合計で確定,
pref,04,02,053,1992,1992,-,（空欄）,（CSVでは行01の列名称が付いている）,様式の並びと合計で確定,
pref,04,02,053,1993,1993,-,（空欄）,（CSVでは行01の列名称が付いている）,様式の並びと合計で確定,
pref,04,02,053,1994,1994,-,（空欄）,（CSVでは行01の列名称が付いている）,様式の並びと合計で確定,
pref,04,02,053,1995,1995,-,（空欄）,（CSVでは行01の列名称が付いている）,様式の並びと合計で確定,
pref,04,02,053,1996,1996,-,（空欄）,（CSVでは行01の列名称が付いている）,様式の並びと合計で確定,
pref,04,02,053,1997,1997,-,（空欄）,（CSVでは行01の列名称が付いている）,様式の並びと合計で確定,
pref,04,02,053,1998,1998,-,（空欄）,（CSVでは行01の列名称が付いている）,様式の並びと合計で確定,
pref,04,02,053,1999,1999,-,（空欄）,（CSVでは行01の列名称が付いている）,様式の並びと合計で確定,
pref,04,02,053,2000,2000,-,（空欄）,（CSVでは行01の列名称が付いている）,様式の並びと合計で確定,
pref,04,02,054,1989,1989,-,（空欄）,（CSVでは行01の列名称が付いている）,様式の並びと合計で確定,
pref,04,02,054,1990,1990,-,（空欄）,（CSVでは行01の列名称が付いている）,様式の並びと合計で確定,
pref,04,02,054,1991,1991,-,（空欄）,（CSVでは行01の列名称が付いている）,様式の並びと合計で確定,
pref,04,02,054,1992,1992,-,（空欄）,（CSVでは行01の列名称が付いている）,様式の並びと合計で確定,
pref,04,02,054,1993,1993,-,（空欄）,（CSVでは行01の列名称が付いている）,様式の並びと合計で確定,
pref,04,02,054,1994,1994,-,（空欄）,（CSVでは行01の列名称が付いている）,様式の並びと合計で確定,
pref,04,02,054,1995,1995,-,（空欄）,（CSVでは行01の列名称が付いている）,様式の並びと合計で確定,
pref,04,02,054,1996,1996,-,（空欄）,（CSVでは行01の列名称が付いている）,様式の並びと合計で確定,
pref,04,02,054,1997,1997,-,（空欄）,（CSVでは行01の列名称が付いている）,様式の並びと合計で確定,
pref,04,02,054,1998,1998,-,（空欄）,（CSVでは行01の列名称が付いている）,様式の並びと合計で確定,
pref,04,02,054,1999,1999,-,（空欄）,（CSVでは行01の列名称が付いている）,様式の並びと合計で確定,
pref,04,02,054,2000,2000,-,（空欄）,（CSVでは行01の列名称が付いている）,様式の並びと合計で確定,
pref,04,02,055,1989,1989,-,（空欄）,（CSVでは行01の列名称が付いている）,様式の並びと合計で確定,
pref,04,02,055,1990,1990,-,（空欄）,（CSVでは行01の列名称が付いている）,様式の並びと合計で確定,
pref,04,02,055,1991,1991,-,（空欄）,（CSVでは行01の列名称が付いている）,様式の並びと合計で確定,
pref,04,02,055,1992,1992,-,（空欄）,（CSVでは行01の列名称が付いている）,様式の並びと合計で確定,
pref,04,02,055,1993,1993,-,（空欄）,（CSVでは行01の列名称が付いている）,様式の並びと合計で確定,
pref,04,02,055,1994,1994,-,（空欄）,（CSVでは行01の列名称が付いている）,様式の並びと合計で確定,
pref,04,02,055,1995,1995,-,（空欄）,（CSVでは行01の列名称が付いている）,様式の並びと合計で確定,
pref,04,02,055,1996,1996,-,（空欄）,（CSVでは行01の列名称が付いている）,様式の並びと合計で確定,
pref,04,02,055,1997,1997,-,（空欄）,（CSVでは行01の列名称が付いている）,様式の並びと合計で確定,
pref,04,02,055,1998,1998,-,（空欄）,（CSVでは行01の列名称が付いている）,様式の並びと合計で確定,
pref,04,02,055,1999,1999,-,（空欄）,（CSVでは行01の列名称が付いている）,様式の並びと合計で確定,
pref,04,02,055,2000,2000,-,（空欄）,（CSVでは行01の列名称が付いている）,様式の並びと合計で確定,
pref,04,02,056,1989,1989,-,（空欄）,（CSVでは行01の列名称が付いている）,様式の並びと合計で確定,
pref,04,02,056,1990,1990,-,（空欄）,（CSVでは行01の列名称が付いている）,様式の並びと合計で確定,
pref,04,02,056,1991,1991,-,（空欄）,（CSVでは行01の列名称が付いている）,様式の並びと合計で確定,
pref,04,02,056,1992,1992,-,（空欄）,（CSVでは行01の列名称が付いている）,様式の並びと合計で確定,
pref,04,02,056,1993,1993,-,（空欄）,（CSVでは行01の列名称が付いている）,様式の並びと合計で確定,
pref,04,02,056,1994,1994,-,（空欄）,（CSVでは行01の列名称が付いている）,様式の並びと合計で確定,
pref,04,02,056,1995,1995,-,（空欄）,（CSVでは行01の列名称が付いている）,様式の並びと合計で確定,
pref,04,02,056,1996,1996,-,（空欄）,（CSVでは行01の列名称が付いている）,様式の並びと合計で確定,
pref,04,02,056,1997,1997,-,（空欄）,（CSVでは行01の列名称が付いている）,様式の並びと合計で確定,
pref,04,02,056,1998,1998,-,（空欄）,（CSVでは行01の列名称が付いている）,様式の並びと合計で確定,
pref,04,02,056,1999,1999,-,（空欄）,（CSVでは行01の列名称が付いている）,様式の並びと合計で確定,
pref,04,02,056,2000,2000,-,（空欄）,（CSVでは行01の列名称が付いている）,様式の並びと合計で確定,
pref,04,02,057,1989,1989,-,（空欄）,（CSVでは行01の列名称が付いている）,様式の並びと合計で確定,
pref,04,02,057,1990,1990,-,（空欄）,（CSVでは行01の列名称が付いている）,様式の並びと合計で確定,
pref,04,02,057,1991,1991,-,（空欄）,（CSVでは行01の列名称が付いている）,様式の並びと合計で確定,
pref,04,02,057,1992,1992,-,（空欄）,（CSVでは行01の列名称が付いている）,様式の並びと合計で確定,
pref,04,02,057,1993,1993,-,（空欄）,（CSVでは行01の列名称が付いている）,様式の並びと合計で確定,
pref,04,02,057,1994,1994,-,（空欄）,（CSVでは行01の列名称が付いている）,様式の並びと合計で確定,
pref,04,02,057,1995,1995,-,（空欄）,（CSVでは行01の列名称が付いている）,様式の並びと合計で確定,
pref,04,02,057,1996,1996,-,（空欄）,（CSVでは行01の列名称が付いている）,様式の並びと合計で確定,
pref,04,02,057,1997,1997,-,（空欄）,（CSVでは行01の列名称が付いている）,様式の並びと合計で確定,
pref,04,02,057,1998,1998,-,（空欄）,（CSVでは行01の列名称が付いている）,様式の並びと合計で確定,
pref,04,02,057,1999,1999,-,（空欄）,（CSVでは行01の列名称が付いている）,様式の並びと合計で確定,
pref,04,02,057,2000,2000,-,（空欄）,（CSVでは行01の列名称が付いている）,様式の並びと合計で確定,
pref,04,02,058,1989,1989,-,（空欄）,（CSVでは行01の列名称が付いている）,様式の並びと合計で確定,
pref,04,02,058,1990,1990,-,（空欄）,（CSVでは行01の列名称が付いている）,様式の並びと合計で確定,
pref,04,02,058,1991,1991,-,（空欄）,（CSVでは行01の列名称が付いている）,様式の並びと合計で確定,
pref,04,02,058,1992,1992,-,（空欄）,（CSVでは行01の列名称が付いている）,様式の並びと合計で確定,
pref,04,02,058,1993,1993,-,（空欄）,（CSVでは行01の列名称が付いている）,様式の並びと合計で確定,
pref,04,02,058,1994,1994,-,（空欄）,（CSVでは行01の列名称が付いている）,様式の並びと合計で確定,
pref,04,02,058,1995,1995,-,（空欄）,（CSVでは行01の列名称が付いている）,様式の並びと合計で確定,
pref,04,02,058,1996,1996,-,（空欄）,（CSVでは行01の列名称が付いている）,様式の並びと合計で確定,
pref,04,02,058,1997,1997,-,（空欄）,（CSVでは行01の列名称が付いている）,様式の並びと合計で確定,
pref,04,02,058,1998,1998,-,（空欄）,（CSVでは行01の列名称が付いている）,様式の並びと合計で確定,
pref,04,02,058,1999,1999,-,（空欄）,（CSVでは行01の列名称が付いている）,様式の並びと合計で確定,
pref,04,02,058,2000,2000,-,（空欄）,（CSVでは行01の列名称が付いている）,様式の並びと合計で確定,
pref,04,02,059,1989,1989,-,（空欄）,（CSVでは行01の列名称が付いている）,様式の並びと合計で確定,
pref,04,02,059,1990,1990,-,（空欄）,（CSVでは行01の列名称が付いている）,様式の並びと合計で確定,
pref,04,02,059,1991,1991,-,（空欄）,（CSVでは行01の列名称が付いている）,様式の並びと合計で確定,
pref,04,02,059,1992,1992,-,（空欄）,（CSVでは行01の列名称が付いている）,様式の並びと合計で確定,
pref,04,02,059,1993,1993,-,（空欄）,（CSVでは行01の列名称が付いている）,様式の並びと合計で確定,
pref,04,02,059,1994,1994,-,（空欄）,（CSVでは行01の列名称が付いている）,様式の並びと合計で確定,
pref,04,02,059,1995,1995,-,（空欄）,（CSVでは行01の列名称が付いている）,様式の並びと合計で確定,
pref,04,02,059,1996,1996,-,（空欄）,（CSVでは行01の列名称が付いている）,様式の並びと合計で確定,
pref,04,02,059,1997,1997,-,（空欄）,（CSVでは行01の列名称が付いている）,様式の並びと合計で確定,
pref,04,02,059,1998,1998,-,（空欄）,（CSVでは行01の列名称が付いている）,様式の並びと合計で確定,
pref,04,02,059,1999,1999,-,（空欄）,（CSVでは行01の列名称が付いている）,様式の並びと合計で確定,
pref,04,02,059,2000,2000,-,（空欄）,（CSVでは行01の列名称が付いている）,様式の並びと合計で確定,
pref,04,02,060,1989,1989,-,（空欄）,（CSVでは行01の列名称が付いている）,様式の並びと合計で確定,
pref,04,02,060,1990,1990,-,（空欄）,（CSVでは行01の列名称が付いている）,様式の並びと合計で確定,
pref,04,02,060,1991,1991,-,（空欄）,（CSVでは行01の列名称が付いている）,様式の並びと合計で確定,
pref,04,02,060,1992,1992,-,（空欄）,（CSVでは行01の列名称が付いている）,様式の並びと合計で確定,
pref,04,02,060,1993,1993,-,（空欄）,（CSVでは行01の列名称が付いている）,様式の並びと合計で確定,
pref,04,02,060,1994,1994,-,（空欄）,（CSVでは行01の列名称が付いている）,様式の並びと合計で確定,
pref,04,02,060,1995,1995,-,（空欄）,（CSVでは行01の列名称が付いている）,様式の並びと合計で確定,
pref,04,02,060,1996,1996,-,（空欄）,（CSVでは行01の列名称が付いている）,様式の並びと合計で確定,
pref,04,02,060,1997,1997,-,（空欄）,（CSVでは行01の列名称が付いている）,様式の並びと合計で確定,
pref,04,02,060,1998,1998,-,（空欄）,（CSVでは行01の列名称が付いている）,様式の並びと合計で確定,
pref,04,02,060,1999,1999,-,（空欄）,（CSVでは行01の列名称が付いている）,様式の並びと合計で確定,
pref,04,02,060,2000,2000,-,（空欄）,（CSVでは行01の列名称が付いている）,様式の並びと合計で確定,
pref,04,02,061,1989,1989,-,（空欄）,（CSVでは行01の列名称が付いている）,様式の並びと合計で確定,
pref,04,02,061,1990,1990,-,（空欄）,（CSVでは行01の列名称が付いている）,様式の並びと合計で確定,
pref,04,02,061,1991,1991,-,（空欄）,（CSVでは行01の列名称が付いている）,様式の並びと合計で確定,
pref,04,02,061,1992,1992,-,（空欄）,（CSVでは行01の列名称が付いている）,様式の並びと合計で確定,
pref,04,02,061,1993,1993,-,（空欄）,（CSVでは行01の列名称が付いている）,様式の並びと合計で確定,
pref,04,02,061,1994,1994,-,（空欄）,（CSVでは行01の列名称が付いている）,様式の並びと合計で確定,
pref,04,02,061,1995,1995,-,（空欄）,（CSVでは行01の列名称が付いている）,様式の並びと合計で確定,
pref,04,02,061,1996,1996,-,（空欄）,（CSVでは行01の列名称が付いている）,様式の並びと合計で確定,
pref,04,02,061,1997,1997,-,（空欄）,（CSVでは行01の列名称が付いている）,様式の並びと合計で確定,
pref,04,02,061,1998,1998,-,（空欄）,（CSVでは行01の列名称が付いている）,様式の並びと合計で確定,
pref,04,02,061,1999,1999,-,（空欄）,（CSVでは行01の列名称が付いている）,様式の並びと合計で確定,
pref,04,02,061,2000,2000,-,（空欄）,（CSVでは行01の列名称が付いている）,様式の並びと合計で確定,
pref,04,02,062,1989,1989,-,（空欄）,（CSVでは行01の列名称が付いている）,様式の並びと合計で確定,
pref,04,02,062,1990,1990,-,（空欄）,（CSVでは行01の列名称が付いている）,様式の並びと合計で確定,
pref,04,02,062,1991,1991,-,（空欄）,（CSVでは行01の列名称が付いている）,様式の並びと合計で確定,
pref,04,02,062,1992,1992,-,（空欄）,（CSVでは行01の列名称が付いている）,様式の並びと合計で確定,
pref,04,02,062,1993,1993,-,（空欄）,（CSVでは行01の列名称が付いている）,様式の並びと合計で確定,
pref,04,02,062,1994,1994,-,（空欄）,（CSVでは行01の列名称が付いている）,様式の並びと合計で確定,
pref,04,02,062,1995,1995,-,（空欄）,（CSVでは行01の列名称が付いている）,様式の並びと合計で確定,
pref,04,02,062,1996,1996,-,（空欄）,（CSVでは行01の列名称が付いている）,様式の並びと合計で確定,
pref,04,02,062,1997,1997,-,（空欄）,（CSVでは行01の列名称が付いている）,様式の並びと合計で確定,
pref,04,02,062,1998,1998,-,（空欄）,（CSVでは行01の列名称が付いている）,様式の並びと合計で確定,
pref,04,02,062,1999,1999,-,（空欄）,（CSVでは行01の列名称が付いている）,様式の並びと合計で確定,
pref,04,02,062,2000,2000,-,（空欄）,（CSVでは行01の列名称が付いている）,様式の並びと合計で確定,
pref,04,02,063,1989,1989,-,（空欄）,（CSVでは行01の列名称が付いている）,様式の並びと合計で確定,
pref,04,02,063,1990,1990,-,（空欄）,（CSVでは行01の列名称が付いている）,様式の並びと合計で確定,
pref,04,02,063,1991,1991,-,（空欄）,（CSVでは行01の列名称が付いている）,様式の並びと合計で確定,
pref,04,02,063,1992,1992,-,（空欄）,（CSVでは行01の列名称が付いている）,様式の並びと合計で確定,
pref,04,02,063,1993,1993,-,（空欄）,（CSVでは行01の列名称が付いている）,様式の並びと合計で確定,
pref,04,02,063,1994,1994,-,（空欄）,（CSVでは行01の列名称が付いている）,様式の並びと合計で確定,
pref,04,02,063,1995,1995,-,（空欄）,（CSVでは行01の列名称が付いている）,様式の並びと合計で確定,
pref,04,02,063,1996,1996,-,（空欄）,（CSVでは行01の列名称が付いている）,様式の並びと合計で確定,
pref,04,02,063,1997,1997,-,（空欄）,（CSVでは行01の列名称が付いている）,様式の並びと合計で確定,
pref,04,02,063,1998,1998,-,（空欄）,（CSVでは行01の列名称が付いている）,様式の並びと合計で確定,
pref,04,02,063,1999,1999,-,（空欄）,（CSVでは行01の列名称が付いている）,様式の並びと合計で確定,
pref,04,02,063,2000,2000,-,（空欄）,（CSVでは行01の列名称が付いている）,様式の並びと合計で確定,
pref,04,02,064,1989,1989,-,（空欄）,（CSVでは行01の列名称が付いている）,様式の並びと合計で確定,
pref,04,02,064,1990,1990,-,（空欄）,（CSVでは行01の列名称が付いている）,様式の並びと合計で確定,
pref,04,02,064,1991,1991,-,（空欄）,（CSVでは行01の列名称が付いている）,様式の並びと合計で確定,
pref,04,02,064,1992,1992,-,（空欄）,（CSVでは行01の列名称が付いている）,様式の並びと合計で確定,
pref,04,02,064,1993,1993,-,（空欄）,（CSVでは行01の列名称が付いている）,様式の並びと合計で確定,
pref,04,02,064,1994,1994,-,（空欄）,（CSVでは行01の列名称が付いている）,様式の並びと合計で確定,
pref,04,02,064,1995,1995,-,（空欄）,（CSVでは行01の列名称が付いている）,様式の並びと合計で確定,
pref,04,02,064,1996,1996,-,（空欄）,（CSVでは行01の列名称が付いている）,様式の並びと合計で確定,
pref,04,02,064,1997,1997,-,（空欄）,（CSVでは行01の列名称が付いている）,様式の並びと合計で確定,
pref,04,02,064,1998,1998,-,（空欄）,（CSVでは行01の列名称が付いている）,様式の並びと合計で確定,
pref,04,02,064,1999,1999,-,（空欄）,（CSVでは行01の列名称が付いている）,様式の並びと合計で確定,
pref,04,02,064,2000,2000,-,（空欄）,（CSVでは行01の列名称が付いている）,様式の並びと合計で確定,
pref,04,02,065,1989,1989,-,（空欄）,（CSVでは行01の列名称が付いている）,様式の並びと合計で確定,
pref,04,02,065,1990,1990,-,（空欄）,（CSVでは行01の列名称が付いている）,様式の並びと合計で確定,
pref,04,02,065,1991,1991,-,（空欄）,（CSVでは行01の列名称が付いている）,様式の並びと合計で確定,
pref,04,02,065,1992,1992,-,（空欄）,（CSVでは行01の列名称が付いている）,様式の並びと合計で確定,
pref,04,02,065,1993,1993,-,（空欄）,（CSVでは行01の列名称が付いている）,様式の並びと合計で確定,
pref,04,02,065,1994,1994,-,（空欄）,（CSVでは行01の列名称が付いている）,様式の並びと合計で確定,
pref,04,02,065,1995,1995,-,（空欄）,（CSVでは行01の列名称が付いている）,様式の並びと合計で確定,
pref,04,02,065,1996,1996,-,（空欄）,（CSVでは行01の列名称が付いている）,様式の並びと合計で確定,
pref,04,02,065,1997,1997,-,（空欄）,（CSVでは行01の列名称が付いている）,様式の並びと合計で確定,
pref,04,02,065,1998,1998,-,（空欄）,（CSVでは行01の列名称が付いている）,様式の並びと合計で確定,
pref,04,02,065,1999,1999,-,（空欄）,（CSVでは行01の列名称が付いている）,様式の並びと合計で確定,
pref,04,02,065,2000,2000,-,（空欄）,（CSVでは行01の列名称が付いている）,様式の並びと合計で確定,
pref,04,02,066,1989,1989,-,（空欄）,（CSVでは行01の列名称が付いている）,様式の並びと合計で確定,
pref,04,02,066,1990,1990,-,（空欄）,（CSVでは行01の列名称が付いている）,様式の並びと合計で確定,
pref,04,02,066,1991,1991,-,（空欄）,（CSVでは行01の列名称が付いている）,様式の並びと合計で確定,
pref,04,02,066,1992,1992,-,（空欄）,（CSVでは行01の列名称が付いている）,様式の並びと合計で確定,
pref,04,02,066,1993,1993,-,（空欄）,（CSVでは行01の列名称が付いている）,様式の並びと合計で確定,
pref,04,02,066,1994,1994,-,（空欄）,（CSVでは行01の列名称が付いている）,様式の並びと合計で確定,
pref,04,02,066,1995,1995,-,（空欄）,（CSVでは行01の列名称が付いている）,様式の並びと合計で確定,
pref,04,02,066,1996,1996,-,（空欄）,（CSVでは行01の列名称が付いている）,様式の並びと合計で確定,
pref,04,02,066,1997,1997,-,（空欄）,（CSVでは行01の列名称が付いている）,様式の並びと合計で確定,
pref,04,02,066,1998,1998,-,（空欄）,（CSVでは行01の列名称が付いている）,様式の並びと合計で確定,
pref,04,02,066,1999,1999,-,（空欄）,（CSVでは行01の列名称が付いている）,様式の並びと合計で確定,
pref,04,02,066,2000,2000,-,（空欄）,（CSVでは行01の列名称が付いている）,様式の並びと合計で確定,
pref,04,02,067,1989,1989,-,（空欄）,（CSVでは行01の列名称が付いている）,様式の並びと合計で確定,
pref,04,02,067,1990,1990,-,（空欄）,（CSVでは行01の列名称が付いている）,様式の並びと合計で確定,
pref,04,02,067,1991,1991,-,（空欄）,（CSVでは行01の列名称が付いている）,様式の並びと合計で確定,
pref,04,02,067,1992,1992,-,（空欄）,（CSVでは行01の列名称が付いている）,様式の並びと合計で確定,
pref,04,02,067,1993,1993,-,（空欄）,（CSVでは行01の列名称が付いている）,様式の並びと合計で確定,
pref,04,02,067,1994,1994,-,（空欄）,（CSVでは行01の列名称が付いている）,様式の並びと合計で確定,
pref,04,02,067,1995,1995,-,（空欄）,（CSVでは行01の列名称が付いている）,様式の並びと合計で確定,
pref,04,02,067,1996,1996,-,（空欄）,（CSVでは行01の列名称が付いている）,様式の並びと合計で確定,
pref,04,02,067,1997,1997,-,（空欄）,（CSVでは行01の列名称が付いている）,様式の並びと合計で確定,
pref,04,02,067,1998,1998,-,（空欄）,（CSVでは行01の列名称が付いている）,様式の並びと合計で確定,
pref,04,02,067,1999,1999,-,（空欄）,（CSVでは行01の列名称が付いている）,様式の並びと合計で確定,
pref,04,02,067,2000,2000,-,（空欄）,（CSVでは行01の列名称が付いている）,様式の並びと合計で確定,
pref,04,02,068,1989,1989,-,（空欄）,（CSVでは行01の列名称が付いている）,様式の並びと合計で確定,
pref,04,02,068,1990,1990,-,（空欄）,（CSVでは行01の列名称が付いている）,様式の並びと合計で確定,
pref,04,02,068,1991,1991,-,（空欄）,（CSVでは行01の列名称が付いている）,様式の並びと合計で確定,
pref,04,02,068,1992,1992,-,（空欄）,（CSVでは行01の列名称が付いている）,様式の並びと合計で確定,
pref,04,02,068,1993,1993,-,（空欄）,（CSVでは行01の列名称が付いている）,様式の並びと合計で確定,
pref,04,02,068,1994,1994,-,（空欄）,（CSVでは行01の列名称が付いている）,様式の並びと合計で確定,
pref,04,02,068,1995,1995,-,（空欄）,（CSVでは行01の列名称が付いている）,様式の並びと合計で確定,
pref,04,02,068,1996,1996,-,（空欄）,（CSVでは行01の列名称が付いている）,様式の並びと合計で確定,
pref,04,02,068,1997,1997,-,（空欄）,（CSVでは行01の列名称が付いている）,様式の並びと合計で確定,
pref,04,02,068,1998,1998,-,（空欄）,（CSVでは行01の列名称が付いている）,様式の並びと合計で確定,
pref,04,02,068,1999,1999,-,（空欄）,（CSVでは行01の列名称が付いている）,様式の並びと合計で確定,
pref,04,02,068,2000,2000,-,（空欄）,（CSVでは行01の列名称が付いている）,様式の並びと合計で確定,
